step,run_label,control_mode,terrain_mode,target,x,y,z,heading_deg,speed,target_distance_m,target_bearing_deg,terrain_height,pitch_deg,roll_deg,wheel_slip,power_draw,path_curvature,reached,soil_moisture_pct,organic_matter_pct,iron_oxide_idx,spectrometer_confidence,spectrometer_temp_c
0,demo,pursuit,grassland,Start,-8.0,-7.0,-0.006,22.5,0.0,0.0,-22.5,-0.006,-0.01,-0.01,0.086,15.351,0.0,False,,,,,
1,demo,pursuit,grassland,Start,-8.0,-7.0,-0.006,22.5,0.0,0.0,-22.5,-0.006,-0.01,-0.01,0.086,15.351,0.0,False,,,,,
2,demo,pursuit,grassland,Start,-8.0,-7.0,-0.006,22.5,0.0,0.0,-22.5,-0.006,-0.01,-0.01,0.086,15.351,0.0,False,,,,,
3,demo,pursuit,grassland,Start,-8.0,-7.0,-0.006,22.5,0.0,0.0,-22.5,-0.006,-0.01,-0.01,0.086,15.351,0.0,False,,,,,
4,demo,pursuit,grassland,Start,-8.0,-7.0,-0.006,22.5,0.0,0.0,-22.5,-0.006,-0.01,-0.01,0.086,15.351,0.0,False,,,,,
5,demo,pursuit,grassland,Start,-8.0,-7.0,-0.006,22.5,0.0,0.0,-22.5,-0.006,-0.01,-0.01,0.086,15.351,0.0,False,,,,,
6,demo,pursuit,grassland,Start,-8.0,-7.0,-0.006,22.5,0.0,0.0,-22.5,-0.006,-0.01,-0.01,0.086,15.351,0.0,False,,,,,
7,demo,pursuit,grassland,Start,-8.0,-7.0,-0.006,22.5,0.0,0.0,-22.5,-0.006,-0.01,-0.01,0.086,15.351,0.0,False,,,,,
8,demo,pursuit,grassland,Start,-8.0,-7.0,-0.006,22.5,0.0,0.0,-22.5,-0.006,-0.01,-0.01,0.086,15.351,0.0,False,,,,,
9,demo,pursuit,grassland,Start,-8.0,-7.0,-0.006,22.5,0.0,0.0,-22.5,-0.006,-0.01,-0.01,0.086,15.351,0.0,False,,,,,
10,demo,pursuit,grassland,Start,-8.0,-7.0,-0.006,22.5,0.0,0.0,-22.5,-0.006,-0.01,-0.01,0.086,15.351,0.0,False,,,,,
11,demo,pursuit,grassland,Start,-8.0,-7.0,-0.006,22.5,0.0,0.0,-22.5,-0.006,-0.01,-0.01,0.086,15.351,0.0,False,,,,,
12,demo,pursuit,grassland,Start,-8.0,-7.0,-0.006,22.5,0.0,0.0,-22.5,-0.006,-0.01,-0.01,0.086,15.351,0.0,False,,,,,
13,demo,pursuit,grassland,Start,-8.0,-7.0,-0.006,22.5,0.0,0.0,-22.5,-0.006,-0.01,-0.01,0.086,15.351,0.0,False,,,,,
14,demo,pursuit,grassland,Start,-8.0,-7.0,-0.006,22.5,0.0,0.0,-22.5,-0.006,-0.01,-0.01,0.086,15.351,0.0,False,,,,,
15,demo,pursuit,grassland,Start,-8.0,-7.0,-0.006,22.5,0.0,0.0,-22.5,-0.006,-0.01,-0.01,0.086,15.351,0.0,False,,,,,
16,demo,pursuit,grassland,Start,-8.0,-7.0,-0.006,22.5,0.0,0.0,-22.5,-0.006,-0.01,-0.01,0.086,15.351,0.0,False,,,,,
17,demo,pursuit,grassland,Start,-8.0,-7.0,-0.006,22.5,0.0,0.0,-22.5,-0.006,-0.01,-0.01,0.086,15.351,0.0,False,,,,,
18,demo,pursuit,grassland,Start,-8.0,-7.0,-0.006,22.5,0.0,0.0,-22.5,-0.006,-0.01,-0.01,0.086,15.351,0.0,False,,,,,
19,demo,pursuit,grassland,Start,-8.0,-7.0,-0.006,22.5,0.0,0.0,-22.5,-0.006,-0.01,-0.01,0.086,15.351,0.0,False,,,,,
20,demo,pursuit,grassland,Start,-8.0,-7.0,-0.006,22.5,0.0,0.0,-22.5,-0.006,-0.01,-0.01,0.086,15.351,0.0,False,,,,,
21,demo,pursuit,grassland,Start,-8.0,-7.0,-0.006,22.5,0.0,0.0,-22.5,-0.006,-0.01,-0.01,0.086,15.351,0.0,False,,,,,
22,demo,pursuit,grassland,Start,-8.0,-7.0,-0.006,22.5,0.0,0.0,-22.5,-0.006,-0.01,-0.01,0.086,15.351,0.0,False,,,,,
23,demo,pursuit,grassland,Start,-8.0,-7.0,-0.006,22.5,0.0,0.0,-22.5,-0.006,-0.01,-0.01,0.086,15.351,0.0,False,,,,,
24,demo,pursuit,grassland,Start,-8.0,-7.0,-0.006,22.5,0.0,0.0,-22.5,-0.006,-0.01,-0.01,0.086,15.351,0.0,False,,,,,
25,demo,pursuit,grassland,Start,-8.0,-7.0,-0.006,22.5,0.0,0.0,-22.5,-0.006,-0.01,-0.01,0.086,15.351,0.0,False,,,,,
26,demo,pursuit,grassland,Start,-8.0,-7.0,-0.006,22.5,0.0,0.0,-22.5,-0.006,-0.01,-0.01,0.086,15.351,0.0,False,,,,,
27,demo,pursuit,grassland,Start,-8.0,-7.0,-0.006,22.5,0.0,0.0,-22.5,-0.006,-0.01,-0.01,0.086,15.351,0.0,False,,,,,
28,demo,pursuit,grassland,Start,-8.0,-7.0,-0.006,22.5,0.0,0.0,-22.5,-0.006,-0.01,-0.01,0.086,15.351,0.0,False,,,,,
29,demo,pursuit,grassland,Start,-8.0,-7.0,-0.006,22.5,0.0,0.0,-22.5,-0.006,-0.01,-0.01,0.086,15.351,0.0,False,,,,,
30,demo,pursuit,grassland,Start,-8.0,-7.0,-0.006,22.5,0.0,0.0,-22.5,-0.006,-0.01,-0.01,0.086,15.351,0.0,False,,,,,
31,demo,pursuit,grassland,Start,-8.0,-7.0,-0.006,22.5,0.0,0.0,-22.5,-0.006,-0.01,-0.01,0.086,15.351,0.0,False,,,,,
32,demo,pursuit,grassland,Start,-8.0,-7.0,-0.006,22.5,0.0,0.0,-22.5,-0.006,-0.01,-0.01,0.086,15.351,0.0,False,,,,,
33,demo,pursuit,grassland,Start,-8.0,-7.0,-0.006,22.5,0.0,0.0,-22.5,-0.006,-0.01,-0.01,0.086,15.351,0.0,False,,,,,
34,demo,pursuit,grassland,Start,-8.0,-7.0,-0.006,22.5,0.0,0.0,-22.5,-0.006,-0.01,-0.01,0.086,15.351,0.0,False,,,,,
35,demo,pursuit,grassland,Start,-8.0,-7.0,-0.006,22.5,0.0,0.0,-22.5,-0.006,-0.01,-0.01,0.086,15.351,0.0,False,,,,,
36,demo,pursuit,grassland,Start,-8.0,-7.0,-0.006,22.5,0.0,0.0,-22.5,-0.006,-0.01,-0.01,0.086,15.351,0.0,False,,,,,
37,demo,pursuit,grassland,Start,-8.0,-7.0,-0.006,22.5,0.0,0.0,-22.5,-0.006,-0.01,-0.01,0.086,15.351,0.0,False,,,,,
38,demo,pursuit,grassland,Start,-8.0,-7.0,-0.006,22.5,0.0,0.0,-22.5,-0.006,-0.01,-0.01,0.086,15.351,0.0,False,,,,,
39,demo,pursuit,grassland,Start,-8.0,-7.0,-0.006,22.5,0.0,0.0,-22.5,-0.006,-0.01,-0.01,0.086,15.351,0.0,False,,,,,
40,demo,pursuit,grassland,Start,-8.0,-7.0,-0.006,22.5,0.0,0.0,-22.5,-0.006,-0.01,-0.01,0.086,15.351,0.0,False,,,,,
41,demo,pursuit,grassland,Start,-8.0,-7.0,-0.006,22.5,0.0,0.0,-22.5,-0.006,-0.01,-0.01,0.086,15.351,0.0,False,,,,,
42,demo,pursuit,grassland,Start,-8.0,-7.0,-0.006,22.5,0.0,0.0,-22.5,-0.006,-0.01,-0.01,0.086,15.351,0.0,False,,,,,
43,demo,pursuit,grassland,Start,-8.0,-7.0,-0.006,22.5,0.0,0.0,-22.5,-0.006,-0.01,-0.01,0.086,15.351,0.0,False,,,,,
44,demo,pursuit,grassland,Start,-8.0,-7.0,-0.006,22.5,0.0,0.0,-22.5,-0.006,-0.01,-0.01,0.086,15.351,0.0,False,,,,,
45,demo,pursuit,grassland,Start,-8.0,-7.0,-0.006,22.5,0.0,0.0,-22.5,-0.006,-0.01,-0.01,0.086,15.351,0.0,False,,,,,
46,demo,pursuit,grassland,Start,-8.0,-7.0,-0.006,22.5,0.0,0.0,-22.5,-0.006,-0.01,-0.01,0.086,15.351,0.0,False,,,,,
47,demo,pursuit,grassland,Start,-8.0,-7.0,-0.006,22.5,0.0,0.0,-22.5,-0.006,-0.01,-0.01,0.086,15.351,0.0,False,,,,,
48,demo,pursuit,grassland,Start,-8.0,-7.0,-0.006,22.5,0.0,0.0,-22.5,-0.006,-0.01,-0.01,0.086,15.351,0.0,False,,,,,
49,demo,pursuit,grassland,Start,-8.0,-7.0,-0.006,22.5,0.0,0.0,-22.5,-0.006,-0.01,-0.01,0.086,15.351,0.0,False,,,,,
50,demo,pursuit,grassland,Start,-8.0,-7.0,-0.006,22.5,0.0,0.0,-22.5,-0.006,-0.01,-0.01,0.086,15.351,0.0,False,,,,,
51,demo,pursuit,grassland,Start,-8.0,-7.0,-0.006,22.5,0.0,0.0,-22.5,-0.006,-0.01,-0.01,0.086,15.351,0.0,False,,,,,
52,demo,pursuit,grassland,Start,-8.0,-7.0,-0.006,22.5,0.0,0.0,-22.5,-0.006,-0.01,-0.01,0.086,15.351,0.0,False,,,,,
53,demo,pursuit,grassland,Start,-8.0,-7.0,-0.006,22.5,0.0,0.0,-22.5,-0.006,-0.01,-0.01,0.086,15.351,0.0,False,,,,,
54,demo,pursuit,grassland,Start,-8.0,-7.0,-0.006,22.5,0.0,0.0,-22.5,-0.006,-0.01,-0.01,0.086,15.351,0.0,False,,,,,
55,demo,pursuit,grassland,Start,-8.0,-7.0,-0.006,22.5,0.0,0.0,-22.5,-0.006,-0.01,-0.01,0.086,15.351,0.0,False,,,,,
56,demo,pursuit,grassland,Start,-8.0,-7.0,-0.006,22.5,0.0,0.0,-22.5,-0.006,-0.01,-0.01,0.086,15.351,0.0,False,,,,,
57,demo,pursuit,grassland,Start,-8.0,-7.0,-0.006,22.5,0.0,0.0,-22.5,-0.006,-0.01,-0.01,0.086,15.351,0.0,False,,,,,
58,demo,pursuit,grassland,Start,-8.0,-7.0,-0.006,22.5,0.0,0.0,-22.5,-0.006,-0.01,-0.01,0.086,15.351,0.0,False,,,,,
59,demo,pursuit,grassland,Start,-8.0,-7.0,-0.006,22.5,0.0,0.0,-22.5,-0.006,-0.01,-0.01,0.086,15.351,0.0,False,,,,,
60,demo,pursuit,grassland,Start,-8.0,-7.0,-0.006,22.5,0.0,0.0,-22.5,-0.006,-0.01,-0.01,0.086,15.351,0.0,False,,,,,
61,demo,pursuit,grassland,Start,-8.0,-7.0,-0.006,22.5,0.0,0.0,-22.5,-0.006,-0.01,-0.01,0.086,15.351,0.0,False,,,,,
62,demo,pursuit,grassland,Start,-8.0,-7.0,-0.006,22.5,0.0,0.0,-22.5,-0.006,-0.01,-0.01,0.086,15.351,0.0,False,,,,,
63,demo,pursuit,grassland,Start,-8.0,-7.0,-0.006,22.5,0.0,0.0,-22.5,-0.006,-0.01,-0.01,0.086,15.351,0.0,False,,,,,
64,demo,pursuit,grassland,Start,-8.0,-7.0,-0.006,22.5,0.0,0.0,-22.5,-0.006,-0.01,-0.01,0.086,15.351,0.0,False,,,,,
65,demo,pursuit,grassland,Start,-8.0,-7.0,-0.006,22.5,0.0,0.0,-22.5,-0.006,-0.01,-0.01,0.086,15.351,0.0,False,,,,,
66,demo,pursuit,grassland,Start,-8.0,-7.0,-0.006,22.5,0.0,0.0,-22.5,-0.006,-0.01,-0.01,0.086,15.351,0.0,False,,,,,
67,demo,pursuit,grassland,Start,-8.0,-7.0,-0.006,22.5,0.0,0.0,-22.5,-0.006,-0.01,-0.01,0.086,15.351,0.0,False,,,,,
68,demo,pursuit,grassland,Start,-8.0,-7.0,-0.006,22.5,0.0,0.0,-22.5,-0.006,-0.01,-0.01,0.086,15.351,0.0,False,,,,,
69,demo,pursuit,grassland,Start,-8.0,-7.0,-0.006,22.5,0.0,0.0,-22.5,-0.006,-0.01,-0.01,0.086,15.351,0.0,False,,,,,
70,demo,pursuit,grassland,Start,-8.0,-7.0,-0.006,22.5,0.0,0.0,-22.5,-0.006,-0.01,-0.01,0.086,15.351,0.0,False,,,,,
71,demo,pursuit,grassland,Start,-8.0,-7.0,-0.006,22.5,0.0,0.0,-22.5,-0.006,-0.01,-0.01,0.086,15.351,0.0,False,,,,,
72,demo,pursuit,grassland,Start,-8.0,-7.0,-0.006,22.5,0.0,0.0,-22.5,-0.006,-0.01,-0.01,0.086,15.351,0.0,False,,,,,
73,demo,pursuit,grassland,Start,-8.0,-7.0,-0.006,22.5,0.0,0.0,-22.5,-0.006,-0.01,-0.01,0.086,15.351,0.0,False,,,,,
74,demo,pursuit,grassland,Start,-8.0,-7.0,-0.006,22.5,0.0,0.0,-22.5,-0.006,-0.01,-0.01,0.086,15.351,0.0,False,,,,,
75,demo,pursuit,grassland,Start,-8.0,-7.0,-0.006,22.5,0.0,0.0,-22.5,-0.006,-0.01,-0.01,0.086,15.351,0.0,False,,,,,
76,demo,pursuit,grassland,Start,-8.0,-7.0,-0.006,22.5,0.0,0.0,-22.5,-0.006,-0.01,-0.01,0.086,15.351,0.0,False,,,,,
77,demo,pursuit,grassland,Start,-8.0,-7.0,-0.006,22.5,0.0,0.0,-22.5,-0.006,-0.01,-0.01,0.086,15.351,0.0,False,,,,,
78,demo,pursuit,grassland,Start,-8.0,-7.0,-0.006,22.5,0.0,0.0,-22.5,-0.006,-0.01,-0.01,0.086,15.351,0.0,False,,,,,
79,demo,pursuit,grassland,Start,-8.0,-7.0,-0.006,22.5,0.0,0.0,-22.5,-0.006,-0.01,-0.01,0.086,15.351,0.0,False,,,,,
80,demo,pursuit,grassland,Start,-8.0,-7.0,-0.006,22.5,0.0,0.0,-22.5,-0.006,-0.01,-0.01,0.086,15.351,0.0,False,,,,,
81,demo,pursuit,grassland,Start,-8.0,-7.0,-0.006,22.5,0.0,0.0,-22.5,-0.006,-0.01,-0.01,0.086,15.351,0.0,False,,,,,
82,demo,pursuit,grassland,Start,-8.0,-7.0,-0.006,22.5,0.0,0.0,-22.5,-0.006,-0.01,-0.01,0.086,15.351,0.0,False,,,,,
83,demo,pursuit,grassland,Start,-8.0,-7.0,-0.006,22.5,0.0,0.0,-22.5,-0.006,-0.01,-0.01,0.086,15.351,0.0,False,,,,,
84,demo,pursuit,grassland,Start,-8.0,-7.0,-0.006,22.5,0.0,0.0,-22.5,-0.006,-0.01,-0.01,0.086,15.351,0.0,False,,,,,
85,demo,pursuit,grassland,Start,-8.0,-7.0,-0.006,22.5,0.0,0.0,-22.5,-0.006,-0.01,-0.01,0.086,15.351,0.0,False,,,,,
86,demo,pursuit,grassland,Start,-8.0,-7.0,-0.006,22.5,0.0,0.0,-22.5,-0.006,-0.01,-0.01,0.086,15.351,0.0,False,,,,,
87,demo,pursuit,grassland,Start,-8.0,-7.0,-0.006,22.5,0.0,0.0,-22.5,-0.006,-0.01,-0.01,0.086,15.351,0.0,False,,,,,
88,demo,pursuit,grassland,Start,-8.0,-7.0,-0.006,22.5,0.0,0.0,-22.5,-0.006,-0.01,-0.01,0.086,15.351,0.0,False,,,,,
89,demo,pursuit,grassland,Start,-8.0,-7.0,-0.006,22.5,0.0,0.0,-22.5,-0.006,-0.01,-0.01,0.086,15.351,0.0,False,,,,,
90,demo,pursuit,grassland,Start,-8.0,-7.0,-0.006,22.5,0.0,0.0,-22.5,-0.006,-0.01,-0.01,0.086,15.351,0.0,False,,,,,
91,demo,pursuit,grassland,Start,-8.0,-7.0,-0.006,22.5,0.0,0.0,-22.5,-0.006,-0.01,-0.01,0.086,15.351,0.0,False,,,,,
92,demo,pursuit,grassland,Start,-8.0,-7.0,-0.006,22.5,0.0,0.0,-22.5,-0.006,-0.01,-0.01,0.086,15.351,0.0,False,,,,,
93,demo,pursuit,grassland,Start,-8.0,-7.0,-0.006,22.5,0.0,0.0,-22.5,-0.006,-0.01,-0.01,0.086,15.351,0.0,False,,,,,
94,demo,pursuit,grassland,Start,-8.0,-7.0,-0.006,22.5,0.0,0.0,-22.5,-0.006,-0.01,-0.01,0.086,15.351,0.0,False,,,,,
95,demo,pursuit,grassland,Start,-8.0,-7.0,-0.006,22.5,0.0,0.0,-22.5,-0.006,-0.01,-0.01,0.086,15.351,0.0,False,,,,,
96,demo,pursuit,grassland,Start,-8.0,-7.0,-0.006,22.5,0.0,0.0,-22.5,-0.006,-0.01,-0.01,0.086,15.351,0.0,False,,,,,
97,demo,pursuit,grassland,Start,-8.0,-7.0,-0.006,22.5,0.0,0.0,-22.5,-0.006,-0.01,-0.01,0.086,15.351,0.0,False,,,,,
98,demo,pursuit,grassland,Start,-8.0,-7.0,-0.006,22.5,0.0,0.0,-22.5,-0.006,-0.01,-0.01,0.086,15.351,0.0,False,,,,,
99,demo,pursuit,grassland,Start,-8.0,-7.0,-0.006,22.5,0.0,0.0,-22.5,-0.006,-0.01,-0.01,0.086,15.351,0.0,False,,,,,
100,demo,pursuit,grassland,Start,-8.0,-7.0,-0.006,22.5,0.0,0.0,-22.5,-0.006,-0.01,-0.01,0.086,15.351,0.0,False,,,,,
101,demo,pursuit,grassland,Start,-8.0,-7.0,-0.006,22.5,0.0,0.0,-22.5,-0.006,-0.01,-0.01,0.086,15.351,0.0,False,,,,,
102,demo,pursuit,grassland,Start,-8.0,-7.0,-0.006,22.5,0.0,0.0,-22.5,-0.006,-0.01,-0.01,0.086,15.351,0.0,False,,,,,
103,demo,pursuit,grassland,Start,-8.0,-7.0,-0.006,22.5,0.0,0.0,-22.5,-0.006,-0.01,-0.01,0.086,15.351,0.0,False,,,,,
104,demo,pursuit,grassland,Start,-8.0,-7.0,-0.006,22.5,0.0,0.0,-22.5,-0.006,-0.01,-0.01,0.086,15.351,0.0,False,,,,,
105,demo,pursuit,grassland,Start,-8.0,-7.0,-0.006,22.5,0.0,0.0,-22.5,-0.006,-0.01,-0.01,0.086,15.351,0.0,False,,,,,
106,demo,pursuit,grassland,Start,-8.0,-7.0,-0.006,22.5,0.0,0.0,-22.5,-0.006,-0.01,-0.01,0.086,15.351,0.0,False,,,,,
107,demo,pursuit,grassland,Start,-8.0,-7.0,-0.006,22.5,0.0,0.0,-22.5,-0.006,-0.01,-0.01,0.086,15.351,0.0,False,,,,,
108,demo,pursuit,grassland,Start,-8.0,-7.0,-0.006,22.5,0.0,0.0,-22.5,-0.006,-0.01,-0.01,0.086,15.351,0.0,False,,,,,
109,demo,pursuit,grassland,Start,-8.0,-7.0,-0.006,22.5,0.0,0.0,-22.5,-0.006,-0.01,-0.01,0.086,15.351,0.0,False,,,,,
110,demo,pursuit,grassland,Start,-8.0,-7.0,-0.006,22.5,0.0,0.0,-22.5,-0.006,-0.01,-0.01,0.086,15.351,0.0,False,,,,,
111,demo,pursuit,grassland,Start,-8.0,-7.0,-0.006,22.5,0.0,0.0,-22.5,-0.006,-0.01,-0.01,0.086,15.351,0.0,False,,,,,
112,demo,pursuit,grassland,Start,-8.0,-7.0,-0.006,22.5,0.0,0.0,-22.5,-0.006,-0.01,-0.01,0.086,15.351,0.0,False,,,,,
113,demo,pursuit,grassland,Start,-8.0,-7.0,-0.006,22.5,0.0,0.0,-22.5,-0.006,-0.01,-0.01,0.086,15.351,0.0,False,,,,,
114,demo,pursuit,grassland,Start,-8.0,-7.0,-0.006,22.5,0.0,0.0,-22.5,-0.006,-0.01,-0.01,0.086,15.351,0.0,False,,,,,
115,demo,pursuit,grassland,Start,-8.0,-7.0,-0.006,22.5,0.0,0.0,-22.5,-0.006,-0.01,-0.01,0.086,15.351,0.0,False,,,,,
116,demo,pursuit,grassland,Start,-8.0,-7.0,-0.006,22.5,0.0,0.0,-22.5,-0.006,-0.01,-0.01,0.086,15.351,0.0,False,,,,,
117,demo,pursuit,grassland,Start,-8.0,-7.0,-0.006,22.5,0.0,0.0,-22.5,-0.006,-0.01,-0.01,0.086,15.351,0.0,False,,,,,
118,demo,pursuit,grassland,Start,-8.0,-7.0,-0.006,22.5,0.0,0.0,-22.5,-0.006,-0.01,-0.01,0.086,15.351,0.0,False,,,,,
119,demo,pursuit,grassland,Start,-8.0,-7.0,-0.006,22.5,0.0,0.0,-22.5,-0.006,-0.01,-0.01,0.086,15.351,0.0,False,,,,,
120,demo,pursuit,grassland,Start,-8.0,-7.0,-0.006,22.5,0.0,0.0,-22.5,-0.006,-0.01,-0.01,0.086,15.351,0.0,False,,,,,
121,demo,pursuit,grassland,Start,-8.0,-7.0,-0.006,22.5,0.0,0.0,-22.5,-0.006,-0.01,-0.01,0.086,15.351,0.0,False,,,,,
122,demo,pursuit,grassland,Start,-8.0,-7.0,-0.006,22.5,0.0,0.0,-22.5,-0.006,-0.01,-0.01,0.086,15.351,0.0,False,,,,,
123,demo,pursuit,grassland,Start,-8.0,-7.0,-0.006,22.5,0.0,0.0,-22.5,-0.006,-0.01,-0.01,0.086,15.351,0.0,False,,,,,
124,demo,pursuit,grassland,Start,-8.0,-7.0,-0.006,22.5,0.0,0.0,-22.5,-0.006,-0.01,-0.01,0.086,15.351,0.0,False,,,,,
125,demo,pursuit,grassland,Start,-8.0,-7.0,-0.006,22.5,0.0,0.0,-22.5,-0.006,-0.01,-0.01,0.086,15.351,0.0,False,,,,,
126,demo,pursuit,grassland,Start,-8.0,-7.0,-0.006,22.5,0.0,0.0,-22.5,-0.006,-0.01,-0.01,0.086,15.351,0.0,False,,,,,
127,demo,pursuit,grassland,Start,-8.0,-7.0,-0.006,22.5,0.0,0.0,-22.5,-0.006,-0.01,-0.01,0.086,15.351,0.0,False,,,,,
128,demo,pursuit,grassland,Start,-8.0,-7.0,-0.006,22.5,0.0,0.0,-22.5,-0.006,-0.01,-0.01,0.086,15.351,0.0,False,,,,,
129,demo,pursuit,grassland,Start,-8.0,-7.0,-0.006,22.5,0.0,0.0,-22.5,-0.006,-0.01,-0.01,0.086,15.351,0.0,False,,,,,
130,demo,pursuit,grassland,Start,-8.0,-7.0,-0.006,22.5,0.0,0.0,-22.5,-0.006,-0.01,-0.01,0.086,15.351,0.0,False,,,,,
131,demo,pursuit,grassland,Start,-8.0,-7.0,-0.006,22.5,0.0,0.0,-22.5,-0.006,-0.01,-0.01,0.086,15.351,0.0,False,,,,,
132,demo,pursuit,grassland,Start,-8.0,-7.0,-0.006,22.5,0.0,0.0,-22.5,-0.006,-0.01,-0.01,0.086,15.351,0.0,False,,,,,
133,demo,pursuit,grassland,Start,-8.0,-7.0,-0.006,22.5,0.0,0.0,-22.5,-0.006,-0.01,-0.01,0.086,15.351,0.0,False,,,,,
134,demo,pursuit,grassland,Start,-8.0,-7.0,-0.006,22.5,0.0,0.0,-22.5,-0.006,-0.01,-0.01,0.086,15.351,0.0,False,,,,,
135,demo,pursuit,grassland,Start,-8.0,-7.0,-0.006,22.5,0.0,0.0,-22.5,-0.006,-0.01,-0.01,0.086,15.351,0.0,False,,,,,
136,demo,pursuit,grassland,Start,-8.0,-7.0,-0.006,22.5,0.0,0.0,-22.5,-0.006,-0.01,-0.01,0.086,15.351,0.0,False,,,,,
137,demo,pursuit,grassland,Start,-8.0,-7.0,-0.006,22.5,0.0,0.0,-22.5,-0.006,-0.01,-0.01,0.086,15.351,0.0,False,,,,,
138,demo,pursuit,grassland,Start,-8.0,-7.0,-0.006,22.5,0.0,0.0,-22.5,-0.006,-0.01,-0.01,0.086,15.351,0.0,False,,,,,
139,demo,pursuit,grassland,Start,-8.0,-7.0,-0.006,22.5,0.0,0.0,-22.5,-0.006,-0.01,-0.01,0.086,15.351,0.0,False,,,,,
140,demo,pursuit,grassland,Start,-8.0,-7.0,-0.006,22.5,0.0,0.0,-22.5,-0.006,-0.01,-0.01,0.086,15.351,0.0,False,,,,,
141,demo,pursuit,grassland,Start,-8.0,-7.0,-0.006,22.5,0.0,0.0,-22.5,-0.006,-0.01,-0.01,0.086,15.351,0.0,False,,,,,
142,demo,pursuit,grassland,Start,-8.0,-7.0,-0.006,22.5,0.0,0.0,-22.5,-0.006,-0.01,-0.01,0.086,15.351,0.0,False,,,,,
143,demo,pursuit,grassland,Start,-8.0,-7.0,-0.006,22.5,0.0,0.0,-22.5,-0.006,-0.01,-0.01,0.086,15.351,0.0,False,,,,,
144,demo,pursuit,grassland,Start,-8.0,-7.0,-0.006,22.5,0.0,0.0,-22.5,-0.006,-0.01,-0.01,0.086,15.351,0.0,False,,,,,
145,demo,pursuit,grassland,Start,-8.0,-7.0,-0.006,22.5,0.0,0.0,-22.5,-0.006,-0.01,-0.01,0.086,15.351,0.0,False,,,,,
146,demo,pursuit,grassland,Start,-8.0,-7.0,-0.006,22.5,0.0,0.0,-22.5,-0.006,-0.01,-0.01,0.086,15.351,0.0,False,,,,,
147,demo,pursuit,grassland,Start,-8.0,-7.0,-0.006,22.5,0.0,0.0,-22.5,-0.006,-0.01,-0.01,0.086,15.351,0.0,False,,,,,
148,demo,pursuit,grassland,Start,-8.0,-7.0,-0.006,22.5,0.0,0.0,-22.5,-0.006,-0.01,-0.01,0.086,15.351,0.0,False,,,,,
149,demo,pursuit,grassland,Start,-8.0,-7.0,-0.006,22.5,0.0,0.0,-22.5,-0.006,-0.01,-0.01,0.086,15.351,0.0,False,,,,,
150,demo,pursuit,grassland,Start,-8.0,-7.0,-0.006,22.5,0.0,0.0,-22.5,-0.006,-0.01,-0.01,0.086,15.351,0.0,False,,,,,
151,demo,pursuit,grassland,Start,-8.0,-7.0,-0.006,22.5,0.0,0.0,-22.5,-0.006,-0.01,-0.01,0.086,15.351,0.0,False,,,,,
152,demo,pursuit,grassland,Start,-8.0,-7.0,-0.006,22.5,0.0,0.0,-22.5,-0.006,-0.01,-0.01,0.086,15.351,0.0,False,,,,,
153,demo,pursuit,grassland,Start,-8.0,-7.0,-0.006,22.5,0.0,0.0,-22.5,-0.006,-0.01,-0.01,0.086,15.351,0.0,False,,,,,
154,demo,pursuit,grassland,Start,-8.0,-7.0,-0.006,22.5,0.0,0.0,-22.5,-0.006,-0.01,-0.01,0.086,15.351,0.0,False,,,,,
155,demo,pursuit,grassland,Start,-8.0,-7.0,-0.006,22.5,0.0,0.0,-22.5,-0.006,-0.01,-0.01,0.086,15.351,0.0,False,,,,,
156,demo,pursuit,grassland,Start,-8.0,-7.0,-0.006,22.5,0.0,0.0,-22.5,-0.006,-0.01,-0.01,0.086,15.351,0.0,False,,,,,
157,demo,pursuit,grassland,Start,-8.0,-7.0,-0.006,22.5,0.0,0.0,-22.5,-0.006,-0.01,-0.01,0.086,15.351,0.0,False,,,,,
158,demo,pursuit,grassland,Start,-8.0,-7.0,-0.006,22.5,0.0,0.0,-22.5,-0.006,-0.01,-0.01,0.086,15.351,0.0,False,,,,,
159,demo,pursuit,grassland,Start,-8.0,-7.0,-0.006,22.5,0.0,0.0,-22.5,-0.006,-0.01,-0.01,0.086,15.351,0.0,False,,,,,
160,demo,pursuit,grassland,Start,-8.0,-7.0,-0.006,22.5,0.0,0.0,-22.5,-0.006,-0.01,-0.01,0.086,15.351,0.0,False,,,,,
161,demo,pursuit,grassland,Start,-8.0,-7.0,-0.006,22.5,0.0,0.0,-22.5,-0.006,-0.01,-0.01,0.086,15.351,0.0,False,,,,,
162,demo,pursuit,grassland,Start,-8.0,-7.0,-0.006,22.5,0.0,0.0,-22.5,-0.006,-0.01,-0.01,0.086,15.351,0.0,False,,,,,
163,demo,pursuit,grassland,Start,-8.0,-7.0,-0.006,22.5,0.0,0.0,-22.5,-0.006,-0.01,-0.01,0.086,15.351,0.0,False,,,,,
164,demo,pursuit,grassland,Start,-8.0,-7.0,-0.006,22.5,0.0,0.0,-22.5,-0.006,-0.01,-0.01,0.086,15.351,0.0,False,,,,,
165,demo,pursuit,grassland,Start,-8.0,-7.0,-0.006,22.5,0.0,0.0,-22.5,-0.006,-0.01,-0.01,0.086,15.351,0.0,False,,,,,
166,demo,pursuit,grassland,Start,-8.0,-7.0,-0.006,22.5,0.0,0.0,-22.5,-0.006,-0.01,-0.01,0.086,15.351,0.0,False,,,,,
167,demo,pursuit,grassland,Start,-8.0,-7.0,-0.006,22.5,0.0,0.0,-22.5,-0.006,-0.01,-0.01,0.086,15.351,0.0,False,,,,,
168,demo,pursuit,grassland,Start,-8.0,-7.0,-0.006,22.5,0.0,0.0,-22.5,-0.006,-0.01,-0.01,0.086,15.351,0.0,False,,,,,
169,demo,pursuit,grassland,Start,-8.0,-7.0,-0.006,22.5,0.0,0.0,-22.5,-0.006,-0.01,-0.01,0.086,15.351,0.0,False,,,,,
170,demo,pursuit,grassland,Start,-8.0,-7.0,-0.006,22.5,0.0,0.0,-22.5,-0.006,-0.01,-0.01,0.086,15.351,0.0,False,,,,,
171,demo,pursuit,grassland,Start,-8.0,-7.0,-0.006,22.5,0.0,0.0,-22.5,-0.006,-0.01,-0.01,0.086,15.351,0.0,False,,,,,
172,demo,pursuit,grassland,Start,-8.0,-7.0,-0.006,22.5,0.0,0.0,-22.5,-0.006,-0.01,-0.01,0.086,15.351,0.0,False,,,,,
173,demo,pursuit,grassland,Start,-8.0,-7.0,-0.006,22.5,0.0,0.0,-22.5,-0.006,-0.01,-0.01,0.086,15.351,0.0,False,,,,,
174,demo,pursuit,grassland,Start,-8.0,-7.0,-0.006,22.5,0.0,0.0,-22.5,-0.006,-0.01,-0.01,0.086,15.351,0.0,False,,,,,
175,demo,pursuit,grassland,Start,-8.0,-7.0,-0.006,22.5,0.0,0.0,-22.5,-0.006,-0.01,-0.01,0.086,15.351,0.0,False,,,,,
176,demo,pursuit,grassland,Start,-8.0,-7.0,-0.006,22.5,0.0,0.0,-22.5,-0.006,-0.01,-0.01,0.086,15.351,0.0,False,,,,,
177,demo,pursuit,grassland,Start,-8.0,-7.0,-0.006,22.5,0.0,0.0,-22.5,-0.006,-0.01,-0.01,0.086,15.351,0.0,False,,,,,
178,demo,pursuit,grassland,Start,-8.0,-7.0,-0.006,22.5,0.0,0.0,-22.5,-0.006,-0.01,-0.01,0.086,15.351,0.0,False,,,,,
179,demo,pursuit,grassland,Start,-8.0,-7.0,-0.006,22.5,0.0,0.0,-22.5,-0.006,-0.01,-0.01,0.086,15.351,0.0,False,,,,,
180,demo,pursuit,grassland,Start,-8.0,-7.0,-0.006,22.5,0.0,0.0,-22.5,-0.006,-0.01,-0.01,0.086,15.351,0.0,False,,,,,
181,demo,pursuit,grassland,Start,-8.0,-7.0,-0.006,22.5,0.0,0.0,-22.5,-0.006,-0.01,-0.01,0.086,15.351,0.0,False,,,,,
182,demo,pursuit,grassland,Start,-8.0,-7.0,-0.006,22.5,0.0,0.0,-22.5,-0.006,-0.01,-0.01,0.086,15.351,0.0,False,,,,,
183,demo,pursuit,grassland,Start,-8.0,-7.0,-0.006,22.5,0.0,0.0,-22.5,-0.006,-0.01,-0.01,0.086,15.351,0.0,False,,,,,
184,demo,pursuit,grassland,Start,-8.0,-7.0,-0.006,22.5,0.0,0.0,-22.5,-0.006,-0.01,-0.01,0.086,15.351,0.0,False,,,,,
185,demo,pursuit,grassland,Start,-8.0,-7.0,-0.006,22.5,0.0,0.0,-22.5,-0.006,-0.01,-0.01,0.086,15.351,0.0,False,,,,,
186,demo,pursuit,grassland,Start,-8.0,-7.0,-0.006,22.5,0.0,0.0,-22.5,-0.006,-0.01,-0.01,0.086,15.351,0.0,False,,,,,
187,demo,pursuit,grassland,Start,-8.0,-7.0,-0.006,22.5,0.0,0.0,-22.5,-0.006,-0.01,-0.01,0.086,15.351,0.0,False,,,,,
188,demo,pursuit,grassland,Start,-8.0,-7.0,-0.006,22.5,0.0,0.0,-22.5,-0.006,-0.01,-0.01,0.086,15.351,0.0,False,,,,,
189,demo,pursuit,grassland,Start,-8.0,-7.0,-0.006,22.5,0.0,0.0,-22.5,-0.006,-0.01,-0.01,0.086,15.351,0.0,False,,,,,
190,demo,pursuit,grassland,Start,-8.0,-7.0,-0.006,22.5,0.0,0.0,-22.5,-0.006,-0.01,-0.01,0.086,15.351,0.0,False,,,,,
191,demo,pursuit,grassland,Start,-8.0,-7.0,-0.006,22.5,0.0,0.0,-22.5,-0.006,-0.01,-0.01,0.086,15.351,0.0,False,,,,,
192,demo,pursuit,grassland,Start,-8.0,-7.0,-0.006,22.5,0.0,0.0,-22.5,-0.006,-0.01,-0.01,0.086,15.351,0.0,False,,,,,
193,demo,pursuit,grassland,Start,-8.0,-7.0,-0.006,22.5,0.0,0.0,-22.5,-0.006,-0.01,-0.01,0.086,15.351,0.0,False,,,,,
194,demo,pursuit,grassland,Start,-8.0,-7.0,-0.006,22.5,0.0,0.0,-22.5,-0.006,-0.01,-0.01,0.086,15.351,0.0,False,,,,,
195,demo,pursuit,grassland,Start,-8.0,-7.0,-0.006,22.5,0.0,0.0,-22.5,-0.006,-0.01,-0.01,0.086,15.351,0.0,False,,,,,
196,demo,pursuit,grassland,Start,-8.0,-7.0,-0.006,22.5,0.0,0.0,-22.5,-0.006,-0.01,-0.01,0.086,15.351,0.0,False,,,,,
197,demo,pursuit,grassland,Start,-8.0,-7.0,-0.006,22.5,0.0,0.0,-22.5,-0.006,-0.01,-0.01,0.086,15.351,0.0,False,,,,,
198,demo,pursuit,grassland,Start,-8.0,-7.0,-0.006,22.5,0.0,0.0,-22.5,-0.006,-0.01,-0.01,0.086,15.351,0.0,False,,,,,
199,demo,pursuit,grassland,Start,-8.0,-7.0,-0.006,22.5,0.0,0.0,-22.5,-0.006,-0.01,-0.01,0.086,15.351,0.0,False,,,,,
200,demo,pursuit,grassland,Start,-8.0,-7.0,-0.006,22.5,0.0,0.0,-22.5,-0.006,-0.01,-0.01,0.086,15.351,0.0,False,,,,,
201,demo,pursuit,grassland,Start,-8.0,-7.0,-0.006,22.5,0.0,0.0,-22.5,-0.006,-0.01,-0.01,0.086,15.351,0.0,False,,,,,
202,demo,pursuit,grassland,Start,-8.0,-7.0,-0.006,22.5,0.0,0.0,-22.5,-0.006,-0.01,-0.01,0.086,15.351,0.0,False,,,,,
203,demo,pursuit,grassland,Start,-8.0,-7.0,-0.006,22.5,0.0,0.0,-22.5,-0.006,-0.01,-0.01,0.086,15.351,0.0,False,,,,,
204,demo,pursuit,grassland,Start,-8.0,-7.0,-0.006,22.5,0.0,0.0,-22.5,-0.006,-0.01,-0.01,0.086,15.351,0.0,False,,,,,
205,demo,pursuit,grassland,Start,-8.0,-7.0,-0.006,22.5,0.0,0.0,-22.5,-0.006,-0.01,-0.01,0.086,15.351,0.0,False,,,,,
206,demo,pursuit,grassland,Start,-8.0,-7.0,-0.006,22.5,0.0,0.0,-22.5,-0.006,-0.01,-0.01,0.086,15.351,0.0,False,,,,,
207,demo,pursuit,grassland,Start,-8.0,-7.0,-0.006,22.5,0.0,0.0,-22.5,-0.006,-0.01,-0.01,0.086,15.351,0.0,False,,,,,
208,demo,pursuit,grassland,Start,-8.0,-7.0,-0.006,22.5,0.0,0.0,-22.5,-0.006,-0.01,-0.01,0.086,15.351,0.0,False,,,,,
209,demo,pursuit,grassland,Start,-8.0,-7.0,-0.006,22.5,0.0,0.0,-22.5,-0.006,-0.01,-0.01,0.086,15.351,0.0,False,,,,,
210,demo,pursuit,grassland,Start,-8.0,-7.0,-0.006,22.5,0.0,0.0,-22.5,-0.006,-0.01,-0.01,0.086,15.351,0.0,False,,,,,
211,demo,pursuit,grassland,Start,-8.0,-7.0,-0.006,22.5,0.0,0.0,-22.5,-0.006,-0.01,-0.01,0.086,15.351,0.0,False,,,,,
212,demo,pursuit,grassland,Start,-8.0,-7.0,-0.006,22.5,0.0,0.0,-22.5,-0.006,-0.01,-0.01,0.086,15.351,0.0,False,,,,,
213,demo,pursuit,grassland,Start,-8.0,-7.0,-0.006,22.5,0.0,0.0,-22.5,-0.006,-0.01,-0.01,0.086,15.351,0.0,False,,,,,
214,demo,pursuit,grassland,Start,-8.0,-7.0,-0.006,22.5,0.0,0.0,-22.5,-0.006,-0.01,-0.01,0.086,15.351,0.0,False,,,,,
215,demo,pursuit,grassland,Start,-8.0,-7.0,-0.006,22.5,0.0,0.0,-22.5,-0.006,-0.01,-0.01,0.086,15.351,0.0,False,,,,,
216,demo,pursuit,grassland,Start,-8.0,-7.0,-0.006,22.5,0.0,0.0,-22.5,-0.006,-0.01,-0.01,0.086,15.351,0.0,False,,,,,
217,demo,pursuit,grassland,Start,-8.0,-7.0,-0.006,22.5,0.0,0.0,-22.5,-0.006,-0.01,-0.01,0.086,15.351,0.0,False,,,,,
218,demo,pursuit,grassland,Start,-8.0,-7.0,-0.006,22.5,0.0,0.0,-22.5,-0.006,-0.01,-0.01,0.086,15.351,0.0,False,,,,,
219,demo,pursuit,grassland,Start,-8.0,-7.0,-0.006,22.5,0.0,0.0,-22.5,-0.006,-0.01,-0.01,0.086,15.351,0.0,False,,,,,
220,demo,pursuit,grassland,Start,-8.0,-7.0,-0.006,22.5,0.0,0.0,-22.5,-0.006,-0.01,-0.01,0.086,15.351,0.0,False,,,,,
221,demo,pursuit,grassland,Start,-8.0,-7.0,-0.006,22.5,0.0,0.0,-22.5,-0.006,-0.01,-0.01,0.086,15.351,0.0,False,,,,,
222,demo,pursuit,grassland,Start,-8.0,-7.0,-0.006,22.5,0.0,0.0,-22.5,-0.006,-0.01,-0.01,0.086,15.351,0.0,False,,,,,
223,demo,pursuit,grassland,Start,-8.0,-7.0,-0.006,22.5,0.0,0.0,-22.5,-0.006,-0.01,-0.01,0.086,15.351,0.0,False,,,,,
224,demo,pursuit,grassland,Start,-8.0,-7.0,-0.006,22.5,0.0,0.0,-22.5,-0.006,-0.01,-0.01,0.086,15.351,0.0,False,,,,,
225,demo,pursuit,grassland,Start,-8.0,-7.0,-0.006,22.5,0.0,0.0,-22.5,-0.006,-0.01,-0.01,0.086,15.351,0.0,False,,,,,
226,demo,pursuit,grassland,Start,-8.0,-7.0,-0.006,22.5,0.0,0.0,-22.5,-0.006,-0.01,-0.01,0.086,15.351,0.0,False,,,,,
227,demo,pursuit,grassland,Start,-8.0,-7.0,-0.006,22.5,0.0,0.0,-22.5,-0.006,-0.01,-0.01,0.086,15.351,0.0,False,,,,,
228,demo,pursuit,grassland,Start,-8.0,-7.0,-0.006,22.5,0.0,0.0,-22.5,-0.006,-0.01,-0.01,0.086,15.351,0.0,False,,,,,
229,demo,pursuit,grassland,Start,-8.0,-7.0,-0.006,22.5,0.0,0.0,-22.5,-0.006,-0.01,-0.01,0.086,15.351,0.0,False,,,,,
230,demo,pursuit,grassland,Start,-8.0,-7.0,-0.006,22.5,0.0,0.0,-22.5,-0.006,-0.01,-0.01,0.086,15.351,0.0,False,,,,,
231,demo,pursuit,grassland,Start,-8.0,-7.0,-0.006,22.5,0.0,0.0,-22.5,-0.006,-0.01,-0.01,0.086,15.351,0.0,False,,,,,
232,demo,pursuit,grassland,Start,-8.0,-7.0,-0.006,22.5,0.0,0.0,-22.5,-0.006,-0.01,-0.01,0.086,15.351,0.0,False,,,,,
233,demo,pursuit,grassland,Start,-8.0,-7.0,-0.006,22.5,0.0,0.0,-22.5,-0.006,-0.01,-0.01,0.086,15.351,0.0,False,,,,,
234,demo,pursuit,grassland,Start,-8.0,-7.0,-0.006,22.5,0.0,0.0,-22.5,-0.006,-0.01,-0.01,0.086,15.351,0.0,False,,,,,
235,demo,pursuit,grassland,Start,-8.0,-7.0,-0.006,22.5,0.0,0.0,-22.5,-0.006,-0.01,-0.01,0.086,15.351,0.0,False,,,,,
236,demo,pursuit,grassland,Start,-8.0,-7.0,-0.006,22.5,0.0,0.0,-22.5,-0.006,-0.01,-0.01,0.086,15.351,0.0,False,,,,,
237,demo,pursuit,grassland,Start,-8.0,-7.0,-0.006,22.5,0.0,0.0,-22.5,-0.006,-0.01,-0.01,0.086,15.351,0.0,False,,,,,
238,demo,pursuit,grassland,Start,-8.0,-7.0,-0.006,22.5,0.0,0.0,-22.5,-0.006,-0.01,-0.01,0.086,15.351,0.0,False,,,,,
239,demo,pursuit,grassland,Start,-8.0,-7.0,-0.006,22.5,0.0,0.0,-22.5,-0.006,-0.01,-0.01,0.086,15.351,0.0,False,,,,,
240,demo,pursuit,grassland,Start,-8.0,-7.0,-0.006,22.5,0.0,0.0,-22.5,-0.006,-0.01,-0.01,0.086,15.351,0.0,False,,,,,
241,demo,pursuit,grassland,Start,-8.0,-7.0,-0.006,22.5,0.0,0.0,-22.5,-0.006,-0.01,-0.01,0.086,15.351,0.0,False,,,,,
242,demo,pursuit,grassland,Start,-8.0,-7.0,-0.006,22.5,0.0,0.0,-22.5,-0.006,-0.01,-0.01,0.086,15.351,0.0,False,,,,,
243,demo,pursuit,grassland,Start,-8.0,-7.0,-0.006,22.5,0.0,0.0,-22.5,-0.006,-0.01,-0.01,0.086,15.351,0.0,False,,,,,
244,demo,pursuit,grassland,Start,-8.0,-7.0,-0.006,22.5,0.0,0.0,-22.5,-0.006,-0.01,-0.01,0.086,15.351,0.0,False,,,,,
245,demo,pursuit,grassland,Start,-8.0,-7.0,-0.006,22.5,0.0,0.0,-22.5,-0.006,-0.01,-0.01,0.086,15.351,0.0,False,,,,,
246,demo,pursuit,grassland,Start,-8.0,-7.0,-0.006,22.5,0.0,0.0,-22.5,-0.006,-0.01,-0.01,0.086,15.351,0.0,False,,,,,
247,demo,pursuit,grassland,Start,-8.0,-7.0,-0.006,22.5,0.0,0.0,-22.5,-0.006,-0.01,-0.01,0.086,15.351,0.0,False,,,,,
248,demo,pursuit,grassland,Start,-8.0,-7.0,-0.006,22.5,0.0,0.0,-22.5,-0.006,-0.01,-0.01,0.086,15.351,0.0,False,,,,,
249,demo,pursuit,grassland,Start,-8.0,-7.0,-0.006,22.5,0.0,0.0,-22.5,-0.006,-0.01,-0.01,0.086,15.351,0.0,False,,,,,
250,demo,pursuit,grassland,Start,-8.0,-7.0,-0.006,22.5,0.0,0.0,-22.5,-0.006,-0.01,-0.01,0.086,15.351,0.0,False,,,,,
251,demo,pursuit,grassland,Start,-8.0,-7.0,-0.006,22.5,0.0,0.0,-22.5,-0.006,-0.01,-0.01,0.086,15.351,0.0,False,,,,,
252,demo,pursuit,grassland,Start,-8.0,-7.0,-0.006,22.5,0.0,0.0,-22.5,-0.006,-0.01,-0.01,0.086,15.351,0.0,False,,,,,
253,demo,pursuit,grassland,Start,-8.0,-7.0,-0.006,22.5,0.0,0.0,-22.5,-0.006,-0.01,-0.01,0.086,15.351,0.0,False,,,,,
254,demo,pursuit,grassland,Start,-8.0,-7.0,-0.006,22.5,0.004,0.0,180.0,-0.006,-0.01,-0.01,0.45,24.83,1800.0,False,,,,,
255,demo,pursuit,grassland,Start,-8.0,-7.0,-0.006,22.5,0.008,0.0,-180.0,-0.006,-0.01,-0.01,0.45,24.864,1800.0,False,,,,,
256,demo,pursuit,grassland,Start,-8.0,-7.0,-0.006,22.5,0.017,0.0,-180.0,-0.006,-0.01,-0.01,0.45,24.928,1800.0,False,,,,,
257,demo,pursuit,grassland,Start,-7.999,-7.0,-0.006,22.5,0.024,0.001,-180.0,-0.006,-0.01,-0.01,0.45,24.978,1800.0,False,,,,,
258,demo,pursuit,grassland,Start,-7.999,-7.0,-0.006,22.5,0.031,0.001,-180.0,-0.006,-0.01,-0.01,0.45,25.034,1800.0,False,,,,,
259,demo,pursuit,grassland,Start,-7.998,-6.999,-0.006,22.5,0.039,0.002,-180.0,-0.006,-0.01,-0.01,0.45,25.091,1800.0,False,,,,,
260,demo,pursuit,grassland,Start,-7.997,-6.999,-0.006,22.5,0.048,0.003,-180.0,-0.006,-0.01,-0.01,0.45,25.158,1800.0,False,,,,,
261,demo,pursuit,grassland,Start,-7.997,-6.999,-0.006,22.5,0.054,0.004,-180.0,-0.006,-0.01,-0.01,0.45,25.206,1800.0,False,,,,,
262,demo,pursuit,grassland,Start,-7.996,-6.998,-0.006,22.5,0.062,0.005,-180.0,-0.006,-0.01,-0.01,0.45,25.265,1800.0,False,,,,,
263,demo,pursuit,grassland,Start,-7.995,-6.998,-0.006,22.5,0.068,0.006,-180.0,-0.006,-0.01,-0.01,0.45,25.314,1800.0,False,,,,,
264,demo,pursuit,grassland,Start,-7.993,-6.997,-0.006,22.5,0.076,0.007,-180.0,-0.006,-0.01,-0.01,0.45,25.372,1800.0,False,,,,,
265,demo,pursuit,grassland,Start,-7.992,-6.997,-0.006,22.5,0.084,0.008,-180.0,-0.006,-0.01,-0.01,0.45,25.43,1800.0,False,,,,,
266,demo,pursuit,grassland,Start,-7.991,-6.996,-0.006,22.5,0.091,0.01,-180.0,-0.006,-0.01,-0.01,0.45,25.484,1800.0,False,,,,,
267,demo,pursuit,grassland,Start,-7.989,-6.996,-0.006,22.5,0.098,0.012,-180.0,-0.006,-0.01,-0.01,0.45,25.539,1800.0,False,,,,,
268,demo,pursuit,grassland,Start,-7.988,-6.995,-0.006,22.5,0.106,0.013,-180.0,-0.006,-0.01,-0.01,0.45,25.595,1800.0,False,,,,,
269,demo,pursuit,grassland,Start,-7.986,-6.994,-0.006,22.5,0.114,0.015,-180.0,-0.006,-0.01,-0.01,0.45,25.653,1800.0,False,,,,,
270,demo,pursuit,grassland,Start,-7.984,-6.993,-0.006,22.5,0.121,0.017,-180.0,-0.006,-0.01,-0.01,0.45,25.711,1800.0,False,,,,,
271,demo,pursuit,grassland,Start,-7.982,-6.993,-0.006,22.5,0.128,0.019,-180.0,-0.006,-0.01,-0.01,0.45,25.764,1800.0,False,,,,,
272,demo,pursuit,grassland,Start,-7.98,-6.992,-0.006,22.5,0.136,0.022,-180.0,-0.006,-0.01,-0.01,0.45,25.823,1800.0,False,,,,,
273,demo,pursuit,grassland,Start,-7.978,-6.991,-0.006,22.5,0.144,0.024,-180.0,-0.006,-0.01,-0.01,0.45,25.879,1800.0,False,,,,,
274,demo,pursuit,grassland,Start,-7.975,-6.99,-0.006,22.5,0.151,0.027,-180.0,-0.006,-0.01,-0.01,0.45,25.935,1800.0,False,,,,,
275,demo,pursuit,grassland,Start,-7.973,-6.989,-0.006,22.5,0.159,0.029,-180.0,-0.006,-0.01,-0.01,0.45,25.99,1800.0,False,,,,,
276,demo,pursuit,grassland,Start,-7.97,-6.988,-0.006,22.5,0.166,0.032,-180.0,-0.006,-0.01,-0.01,0.45,26.048,1800.0,False,,,,,
277,demo,pursuit,grassland,Start,-7.968,-6.987,-0.006,22.5,0.174,0.035,-180.0,-0.006,-0.01,-0.01,0.45,26.105,1800.0,False,,,,,
278,demo,pursuit,grassland,Start,-7.965,-6.986,-0.006,22.5,0.181,0.038,-180.0,-0.006,-0.01,-0.01,0.45,26.158,1800.0,False,,,,,
279,demo,pursuit,grassland,Start,-7.962,-6.984,-0.006,22.5,0.187,0.041,-180.0,-0.006,-0.01,-0.01,0.45,26.207,1800.0,False,,,,,
280,demo,pursuit,grassland,Start,-7.959,-6.983,-0.006,22.5,0.187,0.044,-180.0,-0.006,-0.01,-0.01,0.45,26.207,1800.0,False,,,,,
281,demo,pursuit,grassland,Start,-7.957,-6.982,-0.006,22.5,0.187,0.047,-180.0,-0.006,-0.01,-0.01,0.45,26.207,1800.0,False,,,,,
282,demo,pursuit,grassland,Start,-7.954,-6.981,-0.006,22.5,0.187,0.05,-180.0,-0.006,-0.01,-0.01,0.45,26.207,1800.0,False,,,,,
283,demo,pursuit,grassland,Start,-7.951,-6.98,-0.006,22.5,0.187,0.053,-180.0,-0.006,-0.01,-0.01,0.45,26.207,1800.0,False,,,,,
284,demo,pursuit,grassland,Start,-7.948,-6.978,-0.006,22.5,0.187,0.056,-180.0,-0.006,-0.01,-0.01,0.45,26.207,1800.0,False,,,,,
285,demo,pursuit,grassland,Start,-7.945,-6.977,-0.006,22.5,0.187,0.06,-180.0,-0.006,-0.01,-0.01,0.45,26.207,1800.0,False,,,,,
286,demo,pursuit,grassland,Start,-7.942,-6.976,-0.006,22.5,0.187,0.063,-180.0,-0.006,-0.01,-0.01,0.45,26.207,1800.0,False,,,,,
287,demo,pursuit,grassland,Start,-7.939,-6.975,-0.006,22.5,0.187,0.066,-180.0,-0.006,-0.01,-0.01,0.45,26.207,1800.0,False,,,,,
288,demo,pursuit,grassland,Start,-7.936,-6.974,-0.006,22.5,0.187,0.069,-180.0,-0.006,-0.01,-0.01,0.45,26.207,1800.0,False,,,,,
289,demo,pursuit,grassland,Start,-7.934,-6.972,-0.006,22.5,0.187,0.072,-180.0,-0.006,-0.01,-0.01,0.45,26.207,1800.0,False,,,,,
290,demo,pursuit,grassland,Start,-7.93,-6.971,-0.006,22.5,0.187,0.075,-180.0,-0.006,-0.01,-0.01,0.45,26.207,1800.0,False,,,,,
291,demo,pursuit,grassland,Start,-7.928,-6.97,-0.006,22.5,0.187,0.078,-180.0,-0.006,-0.01,-0.01,0.45,26.207,1800.0,False,,,,,
292,demo,pursuit,grassland,Start,-7.925,-6.969,-0.006,22.5,0.187,0.081,-180.0,-0.006,-0.01,-0.01,0.45,26.207,1800.0,False,,,,,
293,demo,pursuit,grassland,Start,-7.922,-6.968,-0.006,22.5,0.187,0.085,-180.0,-0.006,-0.01,-0.01,0.45,26.207,1800.0,False,,,,,
294,demo,pursuit,grassland,Start,-7.919,-6.966,-0.006,22.5,0.187,0.088,-180.0,-0.006,-0.01,-0.01,0.45,26.207,1800.0,False,,,,,
295,demo,pursuit,grassland,Start,-7.916,-6.965,-0.006,22.5,0.187,0.091,-180.0,-0.006,-0.01,-0.01,0.45,26.207,1800.0,False,,,,,
296,demo,pursuit,grassland,Start,-7.913,-6.964,-0.006,22.5,0.187,0.094,-180.0,-0.006,-0.01,-0.01,0.45,26.207,1800.0,False,,,,,
297,demo,pursuit,grassland,Start,-7.91,-6.963,-0.006,22.5,0.187,0.097,-180.0,-0.006,-0.01,-0.01,0.45,26.207,1800.0,False,,,,,
298,demo,pursuit,grassland,Start,-7.907,-6.962,-0.006,22.5,0.187,0.1,-180.0,-0.006,-0.01,-0.01,0.45,26.207,1797.057,False,,,,,
299,demo,pursuit,grassland,Start,-7.905,-6.96,-0.006,22.5,0.187,0.103,-180.0,-0.006,-0.01,-0.01,0.45,26.207,1742.851,False,,,,,
300,demo,pursuit,grassland,Start,-7.902,-6.959,-0.006,22.5,0.187,0.106,-180.0,-0.006,-0.01,-0.01,0.45,26.207,1692.603,False,,,,,
301,demo,pursuit,grassland,Start,-7.899,-6.958,-0.006,22.5,0.187,0.11,-180.0,-0.006,-0.01,-0.01,0.45,26.207,1638.612,False,,,,,
302,demo,pursuit,grassland,Start,-7.896,-6.957,-0.006,22.5,0.187,0.113,-180.0,-0.006,-0.01,-0.01,0.45,26.207,1597.238,False,,,,,
303,demo,pursuit,grassland,Start,-7.893,-6.956,-0.006,22.5,0.187,0.116,-180.0,-0.006,-0.01,-0.01,0.45,26.207,1555.794,False,,,,,
304,demo,pursuit,grassland,Start,-7.89,-6.955,-0.006,22.5,0.187,0.119,-180.0,-0.006,-0.01,-0.01,0.45,26.207,1514.337,False,,,,,
305,demo,pursuit,grassland,Start,-7.887,-6.953,-0.006,22.5,0.187,0.122,-180.0,-0.006,-0.01,-0.01,0.45,26.207,1473.672,False,,,,,
306,demo,pursuit,grassland,Start,-7.884,-6.952,-0.006,22.5,0.187,0.125,-180.0,-0.006,-0.01,-0.01,0.45,26.207,1434.842,False,,,,,
307,demo,pursuit,grassland,Start,-7.881,-6.951,-0.006,22.5,0.187,0.128,-180.0,-0.006,-0.01,-0.01,0.45,26.207,1402.458,False,,,,,
308,demo,pursuit,grassland,Start,-7.878,-6.95,-0.006,22.5,0.187,0.132,-180.0,-0.006,-0.01,-0.01,0.45,26.207,1367.64,False,,,,,
309,demo,pursuit,grassland,Start,-7.875,-6.948,-0.006,22.5,0.187,0.135,-180.0,-0.006,-0.01,-0.01,0.45,26.207,1335.196,False,,,,,
310,demo,pursuit,grassland,Start,-7.873,-6.947,-0.006,22.5,0.187,0.138,-180.0,-0.006,-0.01,-0.01,0.45,26.207,1306.85,False,,,,,
311,demo,pursuit,grassland,Start,-7.87,-6.946,-0.006,22.5,0.187,0.141,-180.0,-0.006,-0.01,-0.01,0.45,26.207,1274.603,False,,,,,
312,demo,pursuit,grassland,Start,-7.867,-6.945,-0.006,22.5,0.187,0.144,-180.0,-0.006,-0.01,-0.01,0.45,26.207,1247.124,False,,,,,
313,demo,pursuit,grassland,Start,-7.864,-6.944,-0.006,22.5,0.187,0.147,-180.0,-0.006,-0.01,-0.01,0.45,26.207,1221.192,False,,,,,
314,demo,pursuit,grassland,Start,-7.861,-6.942,-0.006,22.5,0.187,0.15,-180.0,-0.006,-0.01,-0.01,0.45,26.207,1196.077,False,,,,,
315,demo,pursuit,grassland,Start,-7.858,-6.941,-0.006,22.5,0.187,0.154,-180.0,-0.006,-0.01,-0.01,0.45,26.207,1171.91,False,,,,,
316,demo,pursuit,grassland,Start,-7.855,-6.94,-0.006,22.5,0.187,0.157,-180.0,-0.006,-0.01,-0.01,0.45,26.207,1148.567,False,,,,,
317,demo,pursuit,grassland,Start,-7.852,-6.939,-0.006,22.5,0.187,0.16,-180.0,-0.006,-0.01,-0.01,0.45,26.207,1125.235,False,,,,,
318,demo,pursuit,grassland,Start,-7.849,-6.938,-0.006,22.5,0.187,0.163,-180.0,-0.006,-0.01,-0.01,0.45,26.207,1102.656,False,,,,,
319,demo,pursuit,grassland,Start,-7.847,-6.936,-0.006,22.5,0.187,0.166,-180.0,-0.006,-0.01,-0.01,0.45,26.207,1083.739,False,,,,,
320,demo,pursuit,grassland,Start,-7.844,-6.935,-0.006,22.5,0.187,0.169,-180.0,-0.006,-0.01,-0.01,0.45,26.207,1063.891,False,,,,,
321,demo,pursuit,grassland,Start,-7.841,-6.934,-0.006,22.5,0.187,0.172,-180.0,-0.006,-0.01,-0.01,0.45,26.207,1044.886,False,,,,,
322,demo,pursuit,grassland,Start,-7.838,-6.933,-0.006,22.5,0.187,0.175,-180.0,-0.006,-0.01,-0.01,0.45,26.207,1025.997,False,,,,,
323,demo,pursuit,grassland,Start,-7.835,-6.932,-0.006,22.5,0.187,0.179,-180.0,-0.006,-0.01,-0.01,0.45,26.207,1005.895,False,,,,,
324,demo,pursuit,grassland,Start,-7.832,-6.931,-0.006,22.5,0.187,0.182,-180.0,-0.006,-0.01,-0.01,0.45,26.207,991.123,False,,,,,
325,demo,pursuit,grassland,Start,-7.829,-6.929,-0.006,22.5,0.187,0.185,-180.0,-0.006,-0.01,-0.01,0.45,26.207,974.372,False,,,,,
326,demo,pursuit,grassland,Start,-7.827,-6.928,-0.006,22.5,0.187,0.188,-180.0,-0.006,-0.01,-0.01,0.45,26.207,958.599,False,,,,,
327,demo,pursuit,grassland,Start,-7.823,-6.927,-0.006,22.5,0.187,0.191,-180.0,-0.006,-0.01,-0.01,0.45,26.207,940.38,False,,,,,
328,demo,pursuit,grassland,Start,-7.821,-6.926,-0.006,22.5,0.187,0.194,-180.0,-0.006,-0.01,-0.01,0.45,26.207,927.734,False,,,,,
329,demo,pursuit,grassland,Start,-7.818,-6.925,-0.006,22.5,0.187,0.197,-180.0,-0.006,-0.01,-0.01,0.45,26.207,912.912,False,,,,,
330,demo,pursuit,grassland,Start,-7.815,-6.923,-0.006,22.5,0.187,0.2,-180.0,-0.006,-0.01,-0.01,0.45,26.207,898.867,False,,,,,
331,demo,pursuit,grassland,Start,-7.812,-6.922,-0.006,22.5,0.187,0.203,-180.0,-0.006,-0.01,-0.01,0.45,26.207,885.372,False,,,,,
332,demo,pursuit,grassland,Start,-7.809,-6.921,-0.006,22.5,0.187,0.206,-180.0,-0.006,-0.01,-0.01,0.45,26.207,872.045,False,,,,,
333,demo,pursuit,grassland,Start,-7.806,-6.92,-0.006,22.5,0.187,0.21,-180.0,-0.006,-0.01,-0.01,0.45,26.207,859.15,False,,,,,
334,demo,pursuit,grassland,Start,-7.804,-6.919,-0.006,22.5,0.187,0.213,-180.0,-0.006,-0.02,-0.01,0.45,26.207,846.889,False,,,,,
335,demo,pursuit,grassland,Start,-7.801,-6.917,-0.006,22.5,0.187,0.216,-180.0,-0.006,-0.02,-0.01,0.45,26.207,833.636,False,,,,,
336,demo,pursuit,grassland,Start,-7.798,-6.916,-0.006,22.5,0.187,0.219,-180.0,-0.006,-0.02,-0.01,0.45,26.207,821.573,False,,,,,
337,demo,pursuit,grassland,Start,-7.795,-6.915,-0.006,22.5,0.187,0.222,-180.0,-0.006,-0.02,-0.01,0.45,26.207,810.075,False,,,,,
338,demo,pursuit,grassland,Start,-7.792,-6.914,-0.006,22.5,0.187,0.225,-180.0,-0.006,-0.02,-0.01,0.45,26.207,798.374,False,,,,,
339,demo,pursuit,grassland,Start,-7.789,-6.913,-0.006,22.5,0.187,0.228,-180.0,-0.006,-0.02,-0.01,0.45,26.207,788.084,False,,,,,
340,demo,pursuit,grassland,Start,-7.786,-6.911,-0.006,22.5,0.187,0.232,-180.0,-0.006,-0.02,-0.01,0.45,26.207,777.287,False,,,,,
341,demo,pursuit,grassland,Start,-7.783,-6.91,-0.006,22.5,0.187,0.235,-180.0,-0.006,-0.02,-0.01,0.45,26.207,767.376,False,,,,,
342,demo,pursuit,grassland,Start,-7.78,-6.909,-0.006,22.5,0.187,0.238,-180.0,-0.006,-0.02,-0.01,0.45,26.207,756.348,False,,,,,
343,demo,pursuit,grassland,Start,-7.777,-6.908,-0.006,22.5,0.187,0.241,-180.0,-0.006,-0.02,-0.01,0.45,26.207,747.06,False,,,,,
344,demo,pursuit,grassland,Start,-7.775,-6.907,-0.006,22.5,0.187,0.244,-180.0,-0.006,-0.02,-0.01,0.45,26.207,737.767,False,,,,,
345,demo,pursuit,grassland,Start,-7.772,-6.905,-0.006,22.5,0.187,0.247,-180.0,-0.006,-0.02,-0.01,0.45,26.207,728.143,False,,,,,
346,demo,pursuit,grassland,Start,-7.769,-6.904,-0.006,22.5,0.187,0.25,-180.0,-0.006,-0.02,-0.01,0.45,26.207,718.836,False,,,,,
347,demo,pursuit,grassland,Start,-7.766,-6.903,-0.006,22.5,0.0,0.253,-180.0,-0.006,-0.02,-0.01,0.45,24.801,710.773,False,,,,,
348,demo,pursuit,grassland,Start,-7.766,-6.903,-0.006,22.5,0.0,0.253,-180.0,-0.006,-0.02,-0.01,0.45,24.801,710.773,False,,,,,
349,demo,pursuit,grassland,Start,-7.766,-6.903,-0.006,22.5,0.0,0.253,-180.0,-0.006,-0.02,-0.01,0.45,24.801,710.773,False,,,,,
350,demo,pursuit,grassland,Start,-7.766,-6.903,-0.006,22.5,0.0,0.253,-180.0,-0.006,-0.02,-0.01,0.45,24.801,710.773,False,,,,,
351,demo,pursuit,grassland,Start,-7.766,-6.903,-0.006,22.5,0.0,0.253,-180.0,-0.006,-0.02,-0.01,0.45,24.801,710.773,False,,,,,
352,demo,pursuit,grassland,Start,-7.766,-6.903,-0.006,22.5,0.0,0.253,-180.0,-0.006,-0.02,-0.01,0.45,24.801,710.773,False,,,,,
353,demo,pursuit,grassland,Start,-7.766,-6.903,-0.006,22.5,0.0,0.253,-180.0,-0.006,-0.02,-0.01,0.45,24.801,710.773,False,,,,,
354,demo,pursuit,grassland,Start,-7.766,-6.903,-0.006,22.5,0.0,0.253,-180.0,-0.006,-0.02,-0.01,0.45,24.801,710.773,False,,,,,
355,demo,pursuit,grassland,Start,-7.766,-6.903,-0.006,22.5,0.0,0.253,-180.0,-0.006,-0.02,-0.01,0.45,24.801,710.773,False,,,,,
356,demo,pursuit,grassland,Start,-7.766,-6.903,-0.006,22.5,0.0,0.253,-180.0,-0.006,-0.02,-0.01,0.45,24.801,710.773,False,,,,,
357,demo,pursuit,grassland,Start,-7.766,-6.903,-0.006,22.5,0.0,0.253,-180.0,-0.006,-0.02,-0.01,0.45,24.801,710.773,False,,,,,
358,demo,pursuit,grassland,Start,-7.766,-6.903,-0.006,22.5,0.0,0.253,-180.0,-0.006,-0.02,-0.01,0.45,24.801,710.773,False,,,,,
359,demo,pursuit,grassland,Start,-7.766,-6.903,-0.006,22.5,0.0,0.253,-180.0,-0.006,-0.02,-0.01,0.45,24.801,710.773,False,,,,,
360,demo,pursuit,grassland,Start,-7.766,-6.903,-0.006,22.5,0.0,0.253,-180.0,-0.006,-0.02,-0.01,0.45,24.801,710.773,False,,,,,
361,demo,pursuit,grassland,Start,-7.766,-6.903,-0.006,22.5,0.0,0.253,-180.0,-0.006,-0.02,-0.01,0.45,24.801,710.773,False,,,,,
362,demo,pursuit,grassland,Start,-7.766,-6.903,-0.006,22.5,0.0,0.253,-180.0,-0.006,-0.02,-0.01,0.45,24.801,710.773,False,,,,,
363,demo,pursuit,grassland,Start,-7.766,-6.903,-0.006,22.5,0.0,0.253,-180.0,-0.006,-0.02,-0.01,0.45,24.801,710.773,False,,,,,
364,demo,pursuit,grassland,Start,-7.766,-6.903,-0.006,22.5,0.0,0.253,-180.0,-0.006,-0.02,-0.01,0.45,24.801,710.773,False,,,,,
365,demo,pursuit,grassland,Start,-7.766,-6.903,-0.006,22.5,0.0,0.253,-180.0,-0.006,-0.02,-0.01,0.45,24.801,710.773,False,,,,,
366,demo,pursuit,grassland,Start,-7.766,-6.903,-0.006,22.5,0.0,0.253,-180.0,-0.006,-0.02,-0.01,0.45,24.801,710.773,False,,,,,
367,demo,pursuit,grassland,Start,-7.766,-6.903,-0.006,22.5,0.0,0.253,-180.0,-0.006,-0.02,-0.01,0.45,24.801,710.773,False,,,,,
368,demo,pursuit,grassland,Start,-7.766,-6.903,-0.006,22.5,0.0,0.253,-180.0,-0.006,-0.02,-0.01,0.45,24.801,710.773,False,,,,,
369,demo,pursuit,grassland,Start,-7.766,-6.903,-0.006,22.5,0.0,0.253,-180.0,-0.006,-0.02,-0.01,0.45,24.801,710.773,False,,,,,
370,demo,pursuit,grassland,Start,-7.766,-6.903,-0.006,22.5,0.0,0.253,-180.0,-0.006,-0.02,-0.01,0.45,24.801,710.773,False,,,,,
371,demo,pursuit,grassland,Start,-7.766,-6.903,-0.006,22.5,0.0,0.253,-180.0,-0.006,-0.02,-0.01,0.45,24.801,710.773,False,,,,,
372,demo,pursuit,grassland,Start,-7.766,-6.903,-0.006,22.5,0.0,0.253,-180.0,-0.006,-0.02,-0.01,0.45,24.801,710.773,False,,,,,
373,demo,pursuit,grassland,Start,-7.766,-6.903,-0.006,22.5,0.0,0.253,-180.0,-0.006,-0.02,-0.01,0.45,24.801,710.773,False,,,,,
374,demo,pursuit,grassland,Start,-7.766,-6.903,-0.006,22.5,0.0,0.253,-180.0,-0.006,-0.02,-0.01,0.45,24.801,710.773,False,,,,,
375,demo,pursuit,grassland,Start,-7.766,-6.903,-0.006,22.5,0.0,0.253,-180.0,-0.006,-0.02,-0.01,0.45,24.801,710.773,False,,,,,
376,demo,pursuit,grassland,Start,-7.766,-6.903,-0.006,22.5,0.0,0.253,-180.0,-0.006,-0.02,-0.01,0.45,24.801,710.773,False,,,,,
377,demo,pursuit,grassland,Start,-7.766,-6.903,-0.006,22.5,0.0,0.253,-180.0,-0.006,-0.02,-0.01,0.45,24.801,710.773,False,,,,,
378,demo,pursuit,grassland,Start,-7.766,-6.903,-0.006,22.5,0.0,0.253,-180.0,-0.006,-0.02,-0.01,0.45,24.801,710.773,False,,,,,
379,demo,pursuit,grassland,Start,-7.766,-6.903,-0.006,22.5,0.0,0.253,-180.0,-0.006,-0.02,-0.01,0.45,24.801,710.773,False,,,,,
380,demo,pursuit,grassland,Start,-7.766,-6.903,-0.006,22.5,0.0,0.253,-180.0,-0.006,-0.02,-0.01,0.45,24.801,710.773,False,,,,,
381,demo,pursuit,grassland,Start,-7.766,-6.903,-0.006,22.5,0.0,0.253,-180.0,-0.006,-0.02,-0.01,0.45,24.801,710.773,False,,,,,
382,demo,pursuit,grassland,Start,-7.766,-6.903,-0.006,22.5,0.0,0.253,-180.0,-0.006,-0.02,-0.01,0.45,24.801,710.773,False,,,,,
383,demo,pursuit,grassland,Start,-7.766,-6.903,-0.006,22.5,0.0,0.253,-180.0,-0.006,-0.02,-0.01,0.45,24.801,710.773,False,,,,,
384,demo,pursuit,grassland,Start,-7.766,-6.903,-0.006,22.5,0.0,0.253,-180.0,-0.006,-0.02,-0.01,0.45,24.801,710.773,False,,,,,
385,demo,pursuit,grassland,Start,-7.766,-6.903,-0.006,22.5,0.0,0.253,-180.0,-0.006,-0.02,-0.01,0.45,24.801,710.773,False,,,,,
386,demo,pursuit,grassland,Start,-7.766,-6.903,-0.006,22.5,0.0,0.253,-180.0,-0.006,-0.02,-0.01,0.45,24.801,710.773,False,,,,,
387,demo,pursuit,grassland,Start,-7.766,-6.903,-0.006,22.5,0.0,0.253,-180.0,-0.006,-0.02,-0.01,0.45,24.801,710.773,False,,,,,
388,demo,pursuit,grassland,Start,-7.766,-6.903,-0.006,22.5,0.0,0.253,-180.0,-0.006,-0.02,-0.01,0.45,24.801,710.773,False,,,,,
389,demo,pursuit,grassland,Start,-7.766,-6.903,-0.006,22.5,0.0,0.253,-180.0,-0.006,-0.02,-0.01,0.45,24.801,710.773,False,,,,,
390,demo,pursuit,grassland,Start,-7.766,-6.903,-0.006,22.5,0.0,0.253,-180.0,-0.006,-0.02,-0.01,0.45,24.801,710.773,False,,,,,
391,demo,pursuit,grassland,Start,-7.766,-6.903,-0.006,22.5,0.0,0.253,-180.0,-0.006,-0.02,-0.01,0.45,24.801,710.773,False,,,,,
392,demo,pursuit,grassland,Start,-7.766,-6.903,-0.006,22.5,0.0,0.253,-180.0,-0.006,-0.02,-0.01,0.45,24.801,710.773,False,,,,,
393,demo,pursuit,grassland,Start,-7.766,-6.903,-0.006,22.5,0.0,0.253,-180.0,-0.006,-0.02,-0.01,0.45,24.801,710.773,False,,,,,
394,demo,pursuit,grassland,Start,-7.766,-6.903,-0.006,22.5,0.0,0.253,-180.0,-0.006,-0.02,-0.01,0.45,24.801,710.773,False,,,,,
395,demo,pursuit,grassland,Start,-7.766,-6.903,-0.006,22.5,0.0,0.253,-180.0,-0.006,-0.02,-0.01,0.45,24.801,710.773,False,,,,,
396,demo,pursuit,grassland,Start,-7.766,-6.903,-0.006,22.5,0.0,0.253,-180.0,-0.006,-0.02,-0.01,0.45,24.801,710.773,False,,,,,
397,demo,pursuit,grassland,Start,-7.766,-6.903,-0.006,22.5,0.0,0.253,-180.0,-0.006,-0.02,-0.01,0.45,24.801,710.773,False,,,,,
398,demo,pursuit,grassland,Start,-7.766,-6.903,-0.006,22.5,0.0,0.253,-180.0,-0.006,-0.02,-0.01,0.45,24.801,710.773,False,,,,,
399,demo,pursuit,grassland,Start,-7.766,-6.903,-0.006,22.5,0.0,0.253,-180.0,-0.006,-0.02,-0.01,0.45,24.801,710.773,False,,,,,
400,demo,pursuit,grassland,Start,-7.766,-6.903,-0.006,22.5,0.0,0.253,-180.0,-0.006,-0.02,-0.01,0.45,24.801,710.773,False,,,,,
401,demo,pursuit,grassland,Start,-7.766,-6.903,-0.006,22.5,0.0,0.253,-180.0,-0.006,-0.02,-0.01,0.45,24.801,710.773,False,,,,,
402,demo,pursuit,grassland,Start,-7.766,-6.903,-0.006,22.5,0.0,0.253,-180.0,-0.006,-0.02,-0.01,0.45,24.801,710.773,False,,,,,
403,demo,pursuit,grassland,Start,-7.766,-6.903,-0.006,22.5,0.0,0.253,-180.0,-0.006,-0.02,-0.01,0.45,24.801,710.773,False,,,,,
404,demo,pursuit,grassland,Start,-7.766,-6.903,-0.006,22.5,0.0,0.253,-180.0,-0.006,-0.02,-0.01,0.45,24.801,710.773,False,,,,,
405,demo,pursuit,grassland,Start,-7.766,-6.903,-0.006,22.5,0.0,0.253,-180.0,-0.006,-0.02,-0.01,0.45,24.801,710.773,False,,,,,
406,demo,pursuit,grassland,Start,-7.766,-6.903,-0.006,22.5,0.0,0.253,-180.0,-0.006,-0.02,-0.01,0.45,24.801,710.773,False,,,,,
407,demo,pursuit,grassland,Start,-7.766,-6.903,-0.006,22.5,0.0,0.253,-180.0,-0.006,-0.02,-0.01,0.45,24.801,710.773,False,,,,,
408,demo,pursuit,grassland,Start,-7.766,-6.903,-0.006,22.5,0.0,0.253,-180.0,-0.006,-0.02,-0.01,0.45,24.801,710.773,False,,,,,
409,demo,pursuit,grassland,Start,-7.766,-6.903,-0.006,22.5,0.0,0.253,-180.0,-0.006,-0.02,-0.01,0.45,24.801,710.773,False,,,,,
410,demo,pursuit,grassland,Start,-7.766,-6.903,-0.006,22.5,0.0,0.253,-180.0,-0.006,-0.02,-0.01,0.45,24.801,710.773,False,,,,,
411,demo,pursuit,grassland,Start,-7.766,-6.903,-0.006,22.5,0.0,0.253,-180.0,-0.006,-0.02,-0.01,0.45,24.801,710.773,False,,,,,
412,demo,pursuit,grassland,Start,-7.766,-6.903,-0.006,22.5,0.0,0.253,-180.0,-0.006,-0.02,-0.01,0.45,24.801,710.773,False,,,,,
413,demo,pursuit,grassland,Start,-7.766,-6.903,-0.006,22.5,0.0,0.253,-180.0,-0.006,-0.02,-0.01,0.45,24.801,710.773,False,,,,,
414,demo,pursuit,grassland,Start,-7.766,-6.903,-0.006,22.5,0.0,0.253,-180.0,-0.006,-0.02,-0.01,0.45,24.801,710.773,False,,,,,
415,demo,pursuit,grassland,Start,-7.766,-6.903,-0.006,22.5,0.0,0.253,-180.0,-0.006,-0.02,-0.01,0.45,24.801,710.773,False,,,,,
416,demo,pursuit,grassland,Start,-7.766,-6.903,-0.006,22.5,0.0,0.253,-180.0,-0.006,-0.02,-0.01,0.45,24.801,710.773,False,,,,,
417,demo,pursuit,grassland,Start,-7.766,-6.903,-0.006,22.5,0.0,0.253,-180.0,-0.006,-0.02,-0.01,0.45,24.801,710.773,False,,,,,
418,demo,pursuit,grassland,Start,-7.766,-6.903,-0.006,22.5,0.0,0.253,-180.0,-0.006,-0.02,-0.01,0.45,24.801,710.773,False,,,,,
419,demo,pursuit,grassland,Start,-7.766,-6.903,-0.006,22.5,0.0,0.253,-180.0,-0.006,-0.02,-0.01,0.45,24.801,710.773,False,,,,,
420,demo,pursuit,grassland,Start,-7.766,-6.903,-0.006,22.5,0.0,0.253,-180.0,-0.006,-0.02,-0.01,0.45,24.801,710.773,False,,,,,
421,demo,pursuit,grassland,Start,-7.766,-6.903,-0.006,22.5,0.0,0.253,-180.0,-0.006,-0.02,-0.01,0.45,24.801,710.773,False,,,,,
422,demo,pursuit,grassland,Start,-7.766,-6.903,-0.006,22.5,0.0,0.253,-180.0,-0.006,-0.02,-0.01,0.45,24.801,710.773,False,,,,,
423,demo,pursuit,grassland,Start,-7.766,-6.903,-0.006,22.5,0.0,0.253,-180.0,-0.006,-0.02,-0.01,0.45,24.801,710.773,False,,,,,
424,demo,pursuit,grassland,Start,-7.766,-6.903,-0.006,22.5,0.0,0.253,-180.0,-0.006,-0.02,-0.01,0.45,24.801,710.773,False,,,,,
425,demo,pursuit,grassland,Start,-7.766,-6.903,-0.006,22.5,0.0,0.253,-180.0,-0.006,-0.02,-0.01,0.45,24.801,710.773,False,,,,,
426,demo,pursuit,grassland,Start,-7.766,-6.903,-0.006,22.5,0.0,0.253,-180.0,-0.006,-0.02,-0.01,0.45,24.801,710.773,False,,,,,
427,demo,pursuit,grassland,Start,-7.766,-6.903,-0.006,22.5,0.0,0.253,-180.0,-0.006,-0.02,-0.01,0.45,24.801,710.773,False,,,,,
428,demo,pursuit,grassland,Start,-7.766,-6.903,-0.006,22.5,0.0,0.253,-180.0,-0.006,-0.02,-0.01,0.45,24.801,710.773,False,,,,,
429,demo,pursuit,grassland,Start,-7.766,-6.903,-0.006,22.5,0.0,0.253,-180.0,-0.006,-0.02,-0.01,0.45,24.801,710.773,False,,,,,
430,demo,pursuit,grassland,Start,-7.766,-6.903,-0.006,22.5,0.0,0.253,-180.0,-0.006,-0.02,-0.01,0.45,24.801,710.773,False,,,,,
431,demo,pursuit,grassland,Start,-7.766,-6.903,-0.006,22.5,0.0,0.253,-180.0,-0.006,-0.02,-0.01,0.45,24.801,710.773,False,,,,,
432,demo,pursuit,grassland,Start,-7.766,-6.903,-0.006,22.5,0.0,0.253,-180.0,-0.006,-0.02,-0.01,0.45,24.801,710.773,False,,,,,
433,demo,pursuit,grassland,Start,-7.766,-6.903,-0.006,22.5,0.0,0.253,-180.0,-0.006,-0.02,-0.01,0.45,24.801,710.773,False,,,,,
434,demo,pursuit,grassland,Start,-7.766,-6.903,-0.006,22.5,0.0,0.253,-180.0,-0.006,-0.02,-0.01,0.45,24.801,710.773,False,,,,,
435,demo,pursuit,grassland,Start,-7.766,-6.903,-0.006,22.5,0.0,0.253,-180.0,-0.006,-0.02,-0.01,0.45,24.801,710.773,False,,,,,
436,demo,pursuit,grassland,Start,-7.766,-6.903,-0.006,22.5,0.0,0.253,-180.0,-0.006,-0.02,-0.01,0.45,24.801,710.773,False,,,,,
437,demo,pursuit,grassland,Start,-7.766,-6.903,-0.006,22.5,0.0,0.253,-180.0,-0.006,-0.02,-0.01,0.45,24.801,710.773,False,,,,,
438,demo,pursuit,grassland,Start,-7.766,-6.903,-0.006,22.5,0.0,0.253,-180.0,-0.006,-0.02,-0.01,0.45,24.801,710.773,False,,,,,
439,demo,pursuit,grassland,Start,-7.766,-6.903,-0.006,22.5,0.0,0.253,-180.0,-0.006,-0.02,-0.01,0.45,24.801,710.773,False,,,,,
440,demo,pursuit,grassland,Start,-7.766,-6.903,-0.006,22.5,0.0,0.253,-180.0,-0.006,-0.02,-0.01,0.45,24.801,710.773,False,,,,,
441,demo,pursuit,grassland,Start,-7.766,-6.903,-0.006,22.5,0.0,0.253,-180.0,-0.006,-0.02,-0.01,0.45,24.801,710.773,False,,,,,
442,demo,pursuit,grassland,Start,-7.766,-6.903,-0.006,22.5,0.0,0.253,-180.0,-0.006,-0.02,-0.01,0.45,24.801,710.773,False,,,,,
443,demo,pursuit,grassland,Start,-7.766,-6.903,-0.006,22.5,0.0,0.253,-180.0,-0.006,-0.02,-0.01,0.45,24.801,710.773,False,,,,,
444,demo,pursuit,grassland,Start,-7.766,-6.903,-0.006,22.5,0.0,0.253,-180.0,-0.006,-0.02,-0.01,0.45,24.801,710.773,False,,,,,
445,demo,pursuit,grassland,Start,-7.766,-6.903,-0.006,22.5,0.0,0.253,-180.0,-0.006,-0.02,-0.01,0.45,24.801,710.773,False,,,,,
446,demo,pursuit,grassland,Start,-7.766,-6.903,-0.006,22.5,0.0,0.253,-180.0,-0.006,-0.02,-0.01,0.45,24.801,710.773,False,,,,,
447,demo,pursuit,grassland,Start,-7.766,-6.903,-0.006,22.5,0.0,0.253,-180.0,-0.006,-0.02,-0.01,0.45,24.801,710.773,False,,,,,
448,demo,pursuit,grassland,Start,-7.766,-6.903,-0.006,22.5,0.0,0.253,-180.0,-0.006,-0.02,-0.01,0.45,24.801,710.773,False,,,,,
449,demo,pursuit,grassland,Start,-7.766,-6.903,-0.006,22.5,0.0,0.253,-180.0,-0.006,-0.02,-0.01,0.45,24.801,710.773,False,,,,,
450,demo,pursuit,grassland,Start,-7.766,-6.903,-0.006,22.5,0.0,0.253,-180.0,-0.006,-0.02,-0.01,0.45,24.801,710.773,False,,,,,
451,demo,pursuit,grassland,Start,-7.766,-6.903,-0.006,22.5,0.0,0.253,-180.0,-0.006,-0.02,-0.01,0.45,24.801,710.773,False,,,,,
452,demo,pursuit,grassland,Start,-7.766,-6.903,-0.006,22.5,0.0,0.253,-180.0,-0.006,-0.02,-0.01,0.45,24.801,710.773,False,,,,,
453,demo,pursuit,grassland,Start,-7.766,-6.903,-0.006,22.5,0.0,0.253,-180.0,-0.006,-0.02,-0.01,0.45,24.801,710.773,False,,,,,
454,demo,pursuit,grassland,Start,-7.766,-6.903,-0.006,22.5,0.0,0.253,-180.0,-0.006,-0.02,-0.01,0.45,24.801,710.773,False,,,,,
455,demo,pursuit,grassland,Start,-7.766,-6.903,-0.006,22.5,0.0,0.253,-180.0,-0.006,-0.02,-0.01,0.45,24.801,710.773,False,,,,,
456,demo,pursuit,grassland,Start,-7.766,-6.903,-0.006,22.5,0.0,0.253,-180.0,-0.006,-0.02,-0.01,0.45,24.801,710.773,False,,,,,
457,demo,pursuit,grassland,Start,-7.766,-6.903,-0.006,22.5,0.0,0.253,-180.0,-0.006,-0.02,-0.01,0.45,24.801,710.773,False,,,,,
458,demo,pursuit,grassland,Start,-7.766,-6.903,-0.006,22.5,0.0,0.253,-180.0,-0.006,-0.02,-0.01,0.45,24.801,710.773,False,,,,,
459,demo,pursuit,grassland,Start,-7.766,-6.903,-0.006,22.5,0.0,0.253,-180.0,-0.006,-0.02,-0.01,0.45,24.801,710.773,False,,,,,
460,demo,pursuit,grassland,Start,-7.766,-6.903,-0.006,22.5,0.0,0.253,-180.0,-0.006,-0.02,-0.01,0.45,24.801,710.773,False,,,,,
461,demo,pursuit,grassland,Start,-7.766,-6.903,-0.006,22.5,0.0,0.253,-180.0,-0.006,-0.02,-0.01,0.45,24.801,710.773,False,,,,,
462,demo,pursuit,grassland,Start,-7.766,-6.903,-0.006,22.5,0.0,0.253,-180.0,-0.006,-0.02,-0.01,0.45,24.801,710.773,False,,,,,
463,demo,pursuit,grassland,Start,-7.766,-6.903,-0.006,22.5,0.0,0.253,-180.0,-0.006,-0.02,-0.01,0.45,24.801,710.773,False,,,,,
464,demo,pursuit,grassland,Start,-7.766,-6.903,-0.006,22.5,0.0,0.253,-180.0,-0.006,-0.02,-0.01,0.45,24.801,710.773,False,,,,,
465,demo,pursuit,grassland,Start,-7.766,-6.903,-0.006,22.5,0.0,0.253,-180.0,-0.006,-0.02,-0.01,0.45,24.801,710.773,False,,,,,
466,demo,pursuit,grassland,Start,-7.766,-6.903,-0.006,22.5,0.0,0.253,-180.0,-0.006,-0.02,-0.01,0.45,24.801,710.773,False,,,,,
467,demo,pursuit,grassland,Start,-7.766,-6.903,-0.006,22.5,0.0,0.253,-180.0,-0.006,-0.02,-0.01,0.45,24.801,710.773,False,,,,,
468,demo,pursuit,grassland,Start,-7.766,-6.903,-0.006,22.5,0.0,0.253,-180.0,-0.006,-0.02,-0.01,0.45,24.801,710.773,False,,,,,
469,demo,pursuit,grassland,Start,-7.766,-6.903,-0.006,22.5,0.0,0.253,-180.0,-0.006,-0.02,-0.01,0.45,24.801,710.773,False,,,,,
470,demo,pursuit,grassland,Start,-7.766,-6.903,-0.006,22.5,0.0,0.253,-180.0,-0.006,-0.02,-0.01,0.45,24.801,710.773,False,,,,,
471,demo,pursuit,grassland,Start,-7.766,-6.903,-0.006,22.5,0.0,0.253,-180.0,-0.006,-0.02,-0.01,0.45,24.801,710.773,False,,,,,
472,demo,pursuit,grassland,Start,-7.766,-6.903,-0.006,22.5,0.0,0.253,-180.0,-0.006,-0.02,-0.01,0.45,24.801,710.773,False,,,,,
473,demo,pursuit,grassland,Start,-7.766,-6.903,-0.006,22.5,0.0,0.253,-180.0,-0.006,-0.02,-0.01,0.45,24.801,710.773,False,,,,,
474,demo,pursuit,grassland,Start,-7.766,-6.903,-0.006,22.5,0.0,0.253,-180.0,-0.006,-0.02,-0.01,0.45,24.801,710.773,False,,,,,
475,demo,pursuit,grassland,Start,-7.766,-6.903,-0.006,22.5,0.0,0.253,-180.0,-0.006,-0.02,-0.01,0.45,24.801,710.773,False,,,,,
476,demo,pursuit,grassland,Start,-7.766,-6.903,-0.006,22.5,0.0,0.253,-180.0,-0.006,-0.02,-0.01,0.45,24.801,710.773,False,,,,,
477,demo,pursuit,grassland,Start,-7.766,-6.903,-0.006,22.5,0.0,0.253,-180.0,-0.006,-0.02,-0.01,0.45,24.801,710.773,False,,,,,
478,demo,pursuit,grassland,Start,-7.766,-6.903,-0.006,22.5,0.0,0.253,-180.0,-0.006,-0.02,-0.01,0.45,24.801,710.773,False,,,,,
479,demo,pursuit,grassland,Start,-7.766,-6.903,-0.006,22.5,0.0,0.253,-180.0,-0.006,-0.02,-0.01,0.45,24.801,710.773,False,,,,,
480,demo,pursuit,grassland,Start,-7.766,-6.903,-0.006,22.5,0.0,0.253,-180.0,-0.006,-0.02,-0.01,0.45,24.801,710.773,False,,,,,
481,demo,pursuit,grassland,Start,-7.766,-6.903,-0.006,22.5,0.0,0.253,-180.0,-0.006,-0.02,-0.01,0.45,24.801,710.773,False,,,,,
482,demo,pursuit,grassland,Start,-7.766,-6.903,-0.006,22.5,0.0,0.253,-180.0,-0.006,-0.02,-0.01,0.45,24.801,710.773,False,,,,,
483,demo,pursuit,grassland,Start,-7.766,-6.903,-0.006,22.5,0.0,0.253,-180.0,-0.006,-0.02,-0.01,0.45,24.801,710.773,False,,,,,
484,demo,pursuit,grassland,Start,-7.766,-6.903,-0.006,22.5,0.0,0.253,-180.0,-0.006,-0.02,-0.01,0.45,24.801,710.773,False,,,,,
485,demo,pursuit,grassland,Start,-7.766,-6.903,-0.006,22.5,0.0,0.253,-180.0,-0.006,-0.02,-0.01,0.45,24.801,710.773,False,,,,,
486,demo,pursuit,grassland,Start,-7.766,-6.903,-0.006,22.5,0.0,0.253,-180.0,-0.006,-0.02,-0.01,0.45,24.801,710.773,False,,,,,
487,demo,pursuit,grassland,Start,-7.766,-6.903,-0.006,22.5,0.0,0.253,-180.0,-0.006,-0.02,-0.01,0.45,24.801,710.773,False,,,,,
488,demo,pursuit,grassland,Start,-7.766,-6.903,-0.006,22.5,0.0,0.253,-180.0,-0.006,-0.02,-0.01,0.45,24.801,710.773,False,,,,,
489,demo,pursuit,grassland,Start,-7.766,-6.903,-0.006,22.5,0.0,0.253,-180.0,-0.006,-0.02,-0.01,0.45,24.801,710.773,False,,,,,
490,demo,pursuit,grassland,Start,-7.766,-6.903,-0.006,22.5,0.0,0.253,-180.0,-0.006,-0.02,-0.01,0.45,24.801,710.773,False,,,,,
491,demo,pursuit,grassland,Start,-7.766,-6.903,-0.006,22.5,0.0,0.253,-180.0,-0.006,-0.02,-0.01,0.45,24.801,710.773,False,,,,,
492,demo,pursuit,grassland,Start,-7.766,-6.903,-0.006,22.5,0.0,0.253,-180.0,-0.006,-0.02,-0.01,0.45,24.801,710.773,False,,,,,
493,demo,pursuit,grassland,Start,-7.766,-6.903,-0.006,22.5,0.0,0.253,-180.0,-0.006,-0.02,-0.01,0.45,24.801,710.773,False,,,,,
494,demo,pursuit,grassland,Start,-7.766,-6.903,-0.006,22.5,0.0,0.253,-180.0,-0.006,-0.02,-0.01,0.45,24.801,710.773,False,,,,,
495,demo,pursuit,grassland,Start,-7.766,-6.903,-0.006,22.5,0.0,0.253,-180.0,-0.006,-0.02,-0.01,0.45,24.801,710.773,False,,,,,
496,demo,pursuit,grassland,Start,-7.766,-6.903,-0.006,22.5,0.0,0.253,-180.0,-0.006,-0.02,-0.01,0.45,24.801,710.773,False,,,,,
497,demo,pursuit,grassland,Start,-7.766,-6.903,-0.006,22.5,0.0,0.253,-180.0,-0.006,-0.02,-0.01,0.45,24.801,710.773,False,,,,,
498,demo,pursuit,grassland,Start,-7.766,-6.903,-0.006,22.5,0.0,0.253,-180.0,-0.006,-0.02,-0.01,0.45,24.801,710.773,False,,,,,
499,demo,pursuit,grassland,Start,-7.766,-6.903,-0.006,22.5,0.0,0.253,-180.0,-0.006,-0.02,-0.01,0.45,24.801,710.773,False,,,,,
500,demo,pursuit,grassland,Start,-7.766,-6.903,-0.006,22.5,0.0,0.253,-180.0,-0.006,-0.02,-0.01,0.45,24.801,710.773,False,,,,,
501,demo,pursuit,grassland,Start,-7.766,-6.903,-0.006,22.5,0.0,0.253,-180.0,-0.006,-0.02,-0.01,0.45,24.801,710.773,False,,,,,
502,demo,pursuit,grassland,Start,-7.766,-6.903,-0.006,22.5,0.0,0.253,-180.0,-0.006,-0.02,-0.01,0.45,24.801,710.773,False,,,,,
503,demo,pursuit,grassland,Start,-7.766,-6.903,-0.006,22.5,0.0,0.253,-180.0,-0.006,-0.02,-0.01,0.45,24.801,710.773,False,,,,,
504,demo,pursuit,grassland,Start,-7.766,-6.903,-0.006,22.5,0.0,0.253,-180.0,-0.006,-0.02,-0.01,0.45,24.801,710.773,False,,,,,
505,demo,pursuit,grassland,Start,-7.766,-6.903,-0.006,22.5,0.0,0.253,-180.0,-0.006,-0.02,-0.01,0.45,24.801,710.773,False,,,,,
506,demo,pursuit,grassland,Start,-7.766,-6.903,-0.006,22.5,0.0,0.253,-180.0,-0.006,-0.02,-0.01,0.45,24.801,710.773,False,,,,,
507,demo,pursuit,grassland,Start,-7.766,-6.903,-0.006,22.5,0.0,0.253,-180.0,-0.006,-0.02,-0.01,0.45,24.801,710.773,False,,,,,
508,demo,pursuit,grassland,Start,-7.766,-6.903,-0.006,22.5,0.0,0.253,-180.0,-0.006,-0.02,-0.01,0.45,24.801,710.773,False,,,,,
509,demo,pursuit,grassland,Start,-7.766,-6.903,-0.006,22.5,0.0,0.253,-180.0,-0.006,-0.02,-0.01,0.45,24.801,710.773,False,,,,,
510,demo,pursuit,grassland,Start,-7.766,-6.903,-0.006,22.5,0.0,0.253,-180.0,-0.006,-0.02,-0.01,0.45,24.801,710.773,False,,,,,
511,demo,pursuit,grassland,Start,-7.766,-6.903,-0.006,22.5,0.0,0.253,-180.0,-0.006,-0.02,-0.01,0.45,24.801,710.773,False,,,,,
512,demo,pursuit,grassland,Start,-7.766,-6.903,-0.006,22.5,0.0,0.253,-180.0,-0.006,-0.02,-0.01,0.45,24.801,710.773,False,,,,,
513,demo,pursuit,grassland,Start,-7.766,-6.903,-0.006,22.5,0.0,0.253,-180.0,-0.006,-0.02,-0.01,0.45,24.801,710.773,False,,,,,
514,demo,pursuit,grassland,Start,-7.766,-6.903,-0.006,22.5,0.0,0.253,-180.0,-0.006,-0.02,-0.01,0.45,24.801,710.773,False,,,,,
515,demo,pursuit,grassland,Start,-7.766,-6.903,-0.006,22.5,0.0,0.253,-180.0,-0.006,-0.02,-0.01,0.45,24.801,710.773,False,,,,,
516,demo,pursuit,grassland,Start,-7.766,-6.903,-0.006,22.5,0.0,0.253,-180.0,-0.006,-0.02,-0.01,0.45,24.801,710.773,False,,,,,
517,demo,pursuit,grassland,Start,-7.766,-6.903,-0.006,22.5,0.0,0.253,-180.0,-0.006,-0.02,-0.01,0.45,24.801,710.773,False,,,,,
518,demo,pursuit,grassland,Start,-7.766,-6.903,-0.006,22.5,0.0,0.253,-180.0,-0.006,-0.02,-0.01,0.45,24.801,710.773,False,,,,,
519,demo,pursuit,grassland,Start,-7.766,-6.903,-0.006,22.5,0.0,0.253,-180.0,-0.006,-0.02,-0.01,0.45,24.801,710.773,False,,,,,
520,demo,pursuit,grassland,Start,-7.766,-6.903,-0.006,22.5,0.0,0.253,-180.0,-0.006,-0.02,-0.01,0.45,24.801,710.773,False,,,,,
521,demo,pursuit,grassland,Start,-7.766,-6.903,-0.006,22.5,0.0,0.253,-180.0,-0.006,-0.02,-0.01,0.45,24.801,710.773,False,,,,,
522,demo,pursuit,grassland,Start,-7.766,-6.903,-0.006,22.5,0.0,0.253,-180.0,-0.006,-0.02,-0.01,0.45,24.801,710.773,False,,,,,
523,demo,pursuit,grassland,Start,-7.766,-6.903,-0.006,22.5,0.0,0.253,-180.0,-0.006,-0.02,-0.01,0.45,24.801,710.773,False,,,,,
524,demo,pursuit,grassland,Start,-7.766,-6.903,-0.006,22.5,0.0,0.253,-180.0,-0.006,-0.02,-0.01,0.45,24.801,710.773,False,,,,,
525,demo,pursuit,grassland,Start,-7.766,-6.903,-0.006,22.5,0.0,0.253,-180.0,-0.006,-0.02,-0.01,0.45,24.801,710.773,False,,,,,
526,demo,pursuit,grassland,Start,-7.766,-6.903,-0.006,22.5,0.0,0.253,-180.0,-0.006,-0.02,-0.01,0.45,24.801,710.773,False,,,,,
527,demo,pursuit,grassland,Start,-7.766,-6.903,-0.006,22.5,0.0,0.253,-180.0,-0.006,-0.02,-0.01,0.45,24.801,710.773,False,,,,,
528,demo,pursuit,grassland,Start,-7.766,-6.903,-0.006,22.5,0.0,0.253,-180.0,-0.006,-0.02,-0.01,0.45,24.801,710.773,False,,,,,
529,demo,pursuit,grassland,Start,-7.766,-6.903,-0.006,22.5,0.0,0.253,-180.0,-0.006,-0.02,-0.01,0.45,24.801,710.773,False,,,,,
530,demo,pursuit,grassland,Start,-7.766,-6.903,-0.006,22.5,0.0,0.253,-180.0,-0.006,-0.02,-0.01,0.45,24.801,710.773,False,,,,,
531,demo,pursuit,grassland,Start,-7.766,-6.903,-0.006,22.5,0.0,0.253,-180.0,-0.006,-0.02,-0.01,0.45,24.801,710.773,False,,,,,
532,demo,pursuit,grassland,Start,-7.766,-6.903,-0.006,22.5,0.0,0.253,-180.0,-0.006,-0.02,-0.01,0.45,24.801,710.773,False,,,,,
533,demo,pursuit,grassland,Start,-7.766,-6.903,-0.006,22.5,0.0,0.253,-180.0,-0.006,-0.02,-0.01,0.45,24.801,710.773,False,,,,,
534,demo,pursuit,grassland,Start,-7.766,-6.903,-0.006,22.5,0.0,0.253,-180.0,-0.006,-0.02,-0.01,0.45,24.801,710.773,False,,,,,
535,demo,pursuit,grassland,Start,-7.766,-6.903,-0.006,22.5,0.0,0.253,-180.0,-0.006,-0.02,-0.01,0.45,24.801,710.773,False,,,,,
536,demo,pursuit,grassland,Sample A,-7.766,-6.903,-0.006,22.5,0.0,7.658,12.6,-0.006,-0.02,-0.01,0.062,14.757,1.645,False,,,,,
537,demo,pursuit,grassland,Sample A,-7.766,-6.903,-0.006,22.91,0.007,7.658,12.18,-0.006,-0.02,-0.01,0.06,14.788,1.591,False,,,,,
538,demo,pursuit,grassland,Sample A,-7.766,-6.903,-0.006,23.35,0.015,7.658,11.75,-0.006,-0.02,-0.01,0.059,14.822,1.534,False,,,,,
539,demo,pursuit,grassland,Sample A,-7.765,-6.903,-0.006,23.72,0.023,7.658,11.37,-0.006,-0.02,-0.01,0.058,14.853,1.485,False,,,,,
540,demo,pursuit,grassland,Sample A,-7.765,-6.903,-0.006,24.1,0.03,7.657,11.0,-0.006,-0.02,-0.01,0.058,14.886,1.436,False,,,,,
541,demo,pursuit,grassland,Sample A,-7.764,-6.902,-0.006,24.47,0.038,7.657,10.63,-0.006,-0.02,-0.01,0.057,14.921,1.388,False,,,,,
542,demo,pursuit,grassland,Sample A,-7.764,-6.902,-0.006,24.83,0.045,7.656,10.27,-0.006,-0.02,-0.01,0.056,14.956,1.342,False,,,,,
543,demo,pursuit,grassland,Sample A,-7.763,-6.902,-0.006,25.17,0.053,7.655,9.93,-0.006,-0.02,-0.01,0.055,14.992,1.297,False,,,,,
544,demo,pursuit,grassland,Sample A,-7.762,-6.901,-0.006,25.5,0.06,7.654,9.61,-0.006,-0.02,-0.01,0.054,15.028,1.255,False,,,,,
545,demo,pursuit,grassland,Sample A,-7.761,-6.901,-0.006,25.82,0.068,7.653,9.29,-0.006,-0.02,-0.01,0.053,15.065,1.213,False,,,,,
546,demo,pursuit,grassland,Sample A,-7.76,-6.9,-0.006,26.13,0.075,7.652,8.98,-0.006,-0.02,-0.01,0.052,15.103,1.173,False,,,,,
547,demo,pursuit,grassland,Sample A,-7.759,-6.9,-0.006,26.43,0.083,7.65,8.68,-0.006,-0.02,-0.01,0.052,15.142,1.134,False,,,,,
548,demo,pursuit,grassland,Sample A,-7.757,-6.899,-0.006,26.71,0.09,7.649,8.4,-0.006,-0.02,-0.01,0.051,15.18,1.098,False,,,,,
549,demo,pursuit,grassland,Sample A,-7.756,-6.898,-0.006,27.0,0.098,7.647,8.11,-0.006,-0.02,-0.01,0.05,15.221,1.061,False,,,,,
550,demo,pursuit,grassland,Sample A,-7.754,-6.897,-0.006,27.26,0.105,7.645,7.85,-0.006,-0.02,-0.01,0.05,15.26,1.027,False,,,,,
551,demo,pursuit,grassland,Sample A,-7.753,-6.896,-0.006,27.52,0.112,7.644,7.59,-0.006,-0.02,-0.01,0.049,15.3,0.993,False,,,,,
552,demo,pursuit,grassland,Sample A,-7.751,-6.895,-0.006,27.79,0.121,7.641,7.32,-0.006,-0.02,-0.01,0.048,15.344,0.958,False,,,,,
553,demo,pursuit,grassland,Sample A,-7.749,-6.895,-0.006,28.02,0.127,7.639,7.1,-0.006,-0.02,-0.01,0.048,15.383,0.929,False,,,,,
554,demo,pursuit,grassland,Sample A,-7.747,-6.893,-0.006,28.26,0.135,7.637,6.85,-0.006,-0.02,-0.01,0.047,15.427,0.897,False,,,,,
555,demo,pursuit,grassland,Sample A,-7.745,-6.892,-0.006,28.48,0.142,7.635,6.64,-0.006,-0.02,-0.01,0.047,15.467,0.87,False,,,,,
556,demo,pursuit,grassland,Sample A,-7.743,-6.891,-0.006,28.71,0.15,7.632,6.42,-0.006,-0.02,-0.01,0.046,15.511,0.841,False,,,,,
557,demo,pursuit,grassland,Sample A,-7.74,-6.89,-0.006,28.92,0.157,7.63,6.2,-0.006,-0.02,-0.01,0.046,15.555,0.813,False,,,,,
558,demo,pursuit,grassland,Sample A,-7.738,-6.888,-0.006,29.13,0.165,7.627,5.99,-0.006,-0.02,-0.01,0.045,15.6,0.786,False,,,,,
559,demo,pursuit,grassland,Sample A,-7.735,-6.887,-0.006,29.34,0.173,7.624,5.79,-0.006,-0.02,-0.01,0.045,15.645,0.76,False,,,,,
560,demo,pursuit,grassland,Sample A,-7.733,-6.886,-0.006,29.53,0.18,7.621,5.61,-0.006,-0.02,-0.01,0.044,15.689,0.736,False,,,,,
561,demo,pursuit,grassland,Sample A,-7.73,-6.884,-0.006,29.71,0.188,7.618,5.42,-0.006,-0.02,-0.01,0.044,15.734,0.712,False,,,,,
562,demo,pursuit,grassland,Sample A,-7.727,-6.882,-0.006,29.89,0.195,7.615,5.25,-0.006,-0.02,-0.01,0.043,15.778,0.689,False,,,,,
563,demo,pursuit,grassland,Sample A,-7.724,-6.881,-0.006,30.07,0.203,7.611,5.07,-0.006,-0.02,-0.01,0.043,15.826,0.666,False,,,,,
564,demo,pursuit,grassland,Sample A,-7.721,-6.879,-0.006,30.23,0.21,7.608,4.91,-0.006,-0.02,-0.01,0.042,15.871,0.645,False,,,,,
565,demo,pursuit,grassland,Sample A,-7.718,-6.877,-0.006,30.4,0.217,7.604,4.75,-0.006,-0.02,-0.01,0.042,15.917,0.624,False,,,,,
566,demo,pursuit,grassland,Sample A,-7.715,-6.875,-0.006,30.55,0.225,7.601,4.59,-0.006,-0.02,-0.01,0.042,15.964,0.604,False,,,,,
567,demo,pursuit,grassland,Sample A,-7.712,-6.873,-0.006,30.71,0.233,7.597,4.43,-0.006,-0.02,-0.01,0.041,16.013,0.584,False,,,,,
568,demo,pursuit,grassland,Sample A,-7.708,-6.871,-0.006,30.86,0.24,7.593,4.29,-0.006,-0.02,-0.01,0.041,16.059,0.565,False,,,,,
569,demo,pursuit,grassland,Sample A,-7.705,-6.869,-0.006,31.0,0.247,7.589,4.15,-0.006,-0.02,-0.01,0.04,16.107,0.547,False,,,,,
570,demo,pursuit,grassland,Sample A,-7.701,-6.867,-0.006,31.14,0.255,7.584,4.02,-0.006,-0.02,-0.01,0.04,16.155,0.53,False,,,,,
571,demo,pursuit,grassland,Sample A,-7.697,-6.865,-0.006,31.27,0.263,7.58,3.88,-0.006,-0.02,-0.01,0.04,16.204,0.512,False,,,,,
572,demo,pursuit,grassland,Sample A,-7.693,-6.862,-0.006,31.41,0.27,7.575,3.75,-0.006,-0.02,-0.01,0.039,16.254,0.495,False,,,,,
573,demo,pursuit,grassland,Sample A,-7.689,-6.86,-0.006,31.53,0.278,7.571,3.63,-0.006,-0.02,-0.01,0.039,16.302,0.48,False,,,,,
574,demo,pursuit,grassland,Sample A,-7.685,-6.857,-0.006,31.65,0.285,7.566,3.51,-0.006,-0.02,-0.01,0.039,16.351,0.464,False,,,,,
575,demo,pursuit,grassland,Sample A,-7.681,-6.855,-0.006,31.76,0.292,7.561,3.4,-0.006,-0.02,-0.01,0.039,16.398,0.45,False,,,,,
576,demo,pursuit,grassland,Sample A,-7.677,-6.852,-0.006,31.88,0.3,7.556,3.28,-0.006,-0.02,-0.01,0.038,16.451,0.435,False,,,,,
577,demo,pursuit,grassland,Sample A,-7.673,-6.85,-0.006,31.99,0.307,7.551,3.18,-0.006,-0.02,-0.01,0.038,16.497,0.422,False,,,,,
578,demo,pursuit,grassland,Sample A,-7.668,-6.847,-0.006,32.09,0.315,7.546,3.08,-0.006,-0.02,-0.01,0.038,16.548,0.408,False,,,,,
579,demo,pursuit,grassland,Sample A,-7.664,-6.844,-0.006,32.2,0.323,7.54,2.97,-0.006,-0.02,-0.01,0.037,16.601,0.394,False,,,,,
580,demo,pursuit,grassland,Sample A,-7.659,-6.841,-0.006,32.3,0.33,7.535,2.88,-0.006,-0.02,-0.01,0.037,16.651,0.382,False,,,,,
581,demo,pursuit,grassland,Sample A,-7.654,-6.838,-0.006,32.39,0.338,7.529,2.79,-0.006,-0.02,-0.01,0.037,16.701,0.37,False,,,,,
582,demo,pursuit,grassland,Sample A,-7.65,-6.835,-0.006,32.48,0.345,7.524,2.7,-0.006,-0.02,-0.01,0.037,16.75,0.358,False,,,,,
583,demo,pursuit,grassland,Sample A,-7.644,-6.832,-0.006,32.58,0.353,7.518,2.61,-0.006,-0.02,-0.01,0.037,16.803,0.347,False,,,,,
584,demo,pursuit,grassland,Sample A,-7.64,-6.828,-0.006,32.66,0.36,7.512,2.52,-0.006,-0.02,-0.01,0.036,16.852,0.336,False,,,,,
585,demo,pursuit,grassland,Sample A,-7.634,-6.825,-0.006,32.75,0.368,7.505,2.44,-0.006,-0.02,-0.01,0.036,16.907,0.325,False,,,,,
586,demo,pursuit,grassland,Sample A,-7.629,-6.822,-0.006,32.83,0.375,7.499,2.36,-0.006,-0.02,-0.01,0.036,16.957,0.315,False,,,,,
587,demo,pursuit,grassland,Sample A,-7.624,-6.818,-0.006,32.91,0.383,7.493,2.28,-0.006,-0.02,-0.01,0.036,17.008,0.305,False,,,,,
588,demo,pursuit,grassland,Sample A,-7.618,-6.815,-0.006,32.98,0.39,7.487,2.21,-0.006,-0.02,-0.01,0.036,17.06,0.295,False,,,,,
589,demo,pursuit,grassland,Sample A,-7.613,-6.811,-0.006,33.05,0.397,7.48,2.14,-0.006,-0.02,-0.01,0.035,17.11,0.286,False,,,,,
590,demo,pursuit,grassland,Sample A,-7.607,-6.807,-0.006,33.13,0.405,7.473,2.06,-0.006,-0.02,-0.01,0.035,17.166,0.276,False,,,,,
591,demo,pursuit,grassland,Sample A,-7.601,-6.803,-0.006,33.2,0.413,7.466,2.0,-0.006,-0.02,-0.01,0.035,17.218,0.268,False,,,,,
592,demo,pursuit,grassland,Sample A,-7.595,-6.8,-0.006,33.26,0.42,7.459,1.94,-0.006,-0.02,-0.01,0.035,17.269,0.259,False,,,,,
593,demo,pursuit,grassland,Sample A,-7.589,-6.796,-0.006,33.33,0.428,7.452,1.87,-0.006,-0.02,-0.01,0.035,17.323,0.251,False,,,,,
594,demo,pursuit,grassland,Sample A,-7.583,-6.792,-0.006,33.39,0.435,7.445,1.81,-0.006,-0.02,-0.01,0.035,17.373,0.244,False,,,,,
595,demo,pursuit,grassland,Sample A,-7.577,-6.788,-0.006,33.45,0.443,7.437,1.75,-0.006,-0.02,-0.01,0.034,17.428,0.236,False,,,,,
596,demo,pursuit,grassland,Sample A,-7.571,-6.783,-0.006,33.51,0.45,7.43,1.7,-0.006,-0.02,-0.01,0.034,17.481,0.228,False,,,,,
597,demo,pursuit,grassland,Sample A,-7.565,-6.78,-0.006,33.56,0.457,7.423,1.64,-0.006,-0.02,-0.01,0.034,17.531,0.221,False,,,,,
598,demo,pursuit,grassland,Sample A,-7.558,-6.775,-0.006,33.62,0.465,7.415,1.59,-0.006,-0.02,-0.01,0.034,17.586,0.214,False,,,,,
599,demo,pursuit,grassland,Sample A,-7.551,-6.771,-0.006,33.67,0.473,7.407,1.54,-0.006,-0.02,-0.01,0.034,17.64,0.207,False,,,,,
600,demo,pursuit,grassland,Sample A,-7.545,-6.766,-0.006,33.72,0.48,7.399,1.49,-0.006,-0.02,-0.01,0.034,17.69,0.201,False,,,,,
601,demo,pursuit,grassland,Sample A,-7.538,-6.762,-0.006,33.77,0.488,7.391,1.44,-0.006,-0.02,-0.01,0.034,17.745,0.195,False,,,,,
602,demo,pursuit,grassland,Sample A,-7.531,-6.757,-0.006,33.82,0.496,7.382,1.39,-0.006,-0.02,-0.01,0.034,17.801,0.188,False,,,,,
603,demo,pursuit,grassland,Sample A,-7.525,-6.753,-0.006,33.87,0.502,7.374,1.35,-0.006,-0.02,-0.01,0.033,17.851,0.183,False,,,,,
604,demo,pursuit,grassland,Sample A,-7.517,-6.748,-0.006,33.91,0.51,7.366,1.31,-0.006,-0.02,-0.01,0.033,17.905,0.177,False,,,,,
605,demo,pursuit,grassland,Sample A,-7.51,-6.743,-0.006,33.96,0.517,7.357,1.26,-0.006,-0.02,-0.01,0.033,17.958,0.172,False,,,,,
606,demo,pursuit,grassland,Sample A,-7.503,-6.738,-0.006,34.0,0.525,7.348,1.22,-0.006,-0.02,-0.01,0.033,18.013,0.166,False,,,,,
607,demo,pursuit,grassland,Sample A,-7.496,-6.733,-0.006,34.04,0.533,7.339,1.18,-0.006,-0.02,-0.01,0.033,18.067,0.161,False,,,,,
608,demo,pursuit,grassland,Sample A,-7.488,-6.728,-0.006,34.08,0.54,7.33,1.15,-0.006,-0.02,-0.01,0.033,18.121,0.156,False,,,,,
609,demo,pursuit,grassland,Sample A,-7.481,-6.723,-0.006,34.12,0.547,7.322,1.11,-0.006,-0.02,-0.01,0.033,18.173,0.152,False,,,,,
610,demo,pursuit,grassland,Sample A,-7.473,-6.718,-0.006,34.15,0.555,7.312,1.07,-0.006,-0.02,-0.01,0.033,18.228,0.147,False,,,,,
611,demo,pursuit,grassland,Sample A,-7.465,-6.712,-0.006,34.19,0.563,7.302,1.04,-0.006,-0.02,-0.01,0.033,18.285,0.142,False,,,,,
612,demo,pursuit,grassland,Sample A,-7.457,-6.707,-0.006,34.23,0.57,7.293,1.01,-0.006,-0.02,-0.01,0.033,18.338,0.138,False,,,,,
613,demo,pursuit,grassland,Sample A,-7.449,-6.702,-0.006,34.26,0.578,7.284,0.97,-0.006,-0.02,-0.01,0.032,18.392,0.134,False,,,,,
614,demo,pursuit,grassland,Sample A,-7.442,-6.696,-0.006,34.29,0.585,7.274,0.94,-0.006,-0.02,-0.01,0.032,18.445,0.13,False,,,,,
615,demo,pursuit,grassland,Sample A,-7.433,-6.691,-0.006,34.32,0.592,7.264,0.91,-0.006,-0.02,-0.01,0.032,18.5,0.126,False,,,,,
616,demo,pursuit,grassland,Sample A,-7.425,-6.685,-0.006,34.35,0.6,7.254,0.88,-0.006,-0.02,-0.01,0.032,18.554,0.122,False,,,,,
617,demo,pursuit,grassland,Sample A,-7.417,-6.679,-0.006,34.38,0.608,7.244,0.85,-0.006,-0.02,-0.01,0.032,18.609,0.118,False,,,,,
618,demo,pursuit,grassland,Sample A,-7.408,-6.673,-0.006,34.41,0.615,7.233,0.83,-0.006,-0.03,-0.01,0.032,18.667,0.114,False,,,,,
619,demo,pursuit,grassland,Sample A,-7.4,-6.668,-0.006,34.44,0.622,7.223,0.8,-0.006,-0.03,-0.01,0.032,18.717,0.111,False,,,,,
620,demo,pursuit,grassland,Sample A,-7.391,-6.662,-0.006,34.47,0.63,7.213,0.77,-0.006,-0.03,-0.01,0.032,18.775,0.107,False,,,,,
621,demo,pursuit,grassland,Sample A,-7.382,-6.656,-0.006,34.49,0.637,7.202,0.75,-0.006,-0.03,-0.01,0.032,18.828,0.104,False,,,,,
622,demo,pursuit,grassland,Sample A,-7.373,-6.649,-0.006,34.52,0.646,7.19,0.72,-0.006,-0.03,-0.01,0.032,18.887,0.101,False,,,,,
623,demo,pursuit,grassland,Sample A,-7.364,-6.643,-0.006,34.54,0.653,7.18,0.7,-0.006,-0.03,-0.01,0.032,18.939,0.098,False,,,,,
624,demo,pursuit,grassland,Sample A,-7.355,-6.637,-0.006,34.56,0.66,7.169,0.68,-0.006,-0.03,-0.01,0.032,18.993,0.095,False,,,,,
625,demo,pursuit,grassland,Sample A,-7.346,-6.631,-0.006,34.59,0.667,7.159,0.66,-0.006,-0.03,-0.01,0.032,19.047,0.092,False,,,,,
626,demo,pursuit,grassland,Sample A,-7.336,-6.624,-0.006,34.61,0.675,7.146,0.64,-0.006,-0.03,-0.01,0.032,19.106,0.089,False,,,,,
627,demo,pursuit,grassland,Sample A,-7.328,-6.618,-0.006,34.63,0.682,7.136,0.62,-0.006,-0.03,-0.0,0.032,19.158,0.087,False,,,,,
628,demo,pursuit,grassland,Sample A,-7.318,-6.611,-0.006,34.65,0.69,7.124,0.6,-0.006,-0.03,-0.0,0.032,19.214,0.084,False,,,,,
629,demo,pursuit,grassland,Sample A,-7.309,-6.605,-0.006,34.67,0.697,7.113,0.58,-0.006,-0.03,-0.0,0.032,19.268,0.081,False,,,,,
630,demo,pursuit,grassland,Sample A,-7.299,-6.598,-0.006,34.69,0.705,7.1,0.56,-0.006,-0.03,-0.0,0.031,19.325,0.079,False,,,,,
631,demo,pursuit,grassland,Sample A,-7.289,-6.591,-0.006,34.71,0.713,7.089,0.54,-0.006,-0.03,-0.0,0.031,19.379,0.077,False,,,,,
632,demo,pursuit,grassland,Sample A,-7.279,-6.585,-0.006,34.73,0.72,7.077,0.53,-0.006,-0.03,-0.0,0.031,19.433,0.074,False,,,,,
633,demo,pursuit,grassland,Sample A,-7.268,-6.577,-0.006,34.75,0.728,7.064,0.51,-0.006,-0.03,-0.0,0.031,19.495,0.072,False,,,,,
634,demo,pursuit,grassland,Sample A,-7.259,-6.571,-0.006,34.76,0.735,7.053,0.49,-0.006,-0.03,-0.0,0.031,19.544,0.07,False,,,,,
635,demo,pursuit,grassland,Sample A,-7.249,-6.564,-0.006,34.78,0.743,7.04,0.48,-0.006,-0.03,-0.0,0.031,19.6,0.068,False,,,,,
636,demo,pursuit,grassland,Sample A,-7.239,-6.556,-0.006,34.79,0.75,7.028,0.46,-0.006,-0.03,-0.0,0.031,19.654,0.066,False,,,,,
637,demo,pursuit,grassland,Sample A,-7.229,-6.55,-0.006,34.81,0.75,7.015,0.45,-0.006,-0.03,-0.0,0.031,19.653,0.064,False,,,,,
638,demo,pursuit,grassland,Sample A,-7.218,-6.542,-0.006,34.82,0.75,7.002,0.43,-0.006,-0.03,-0.0,0.031,19.653,0.062,False,,,,,
639,demo,pursuit,grassland,Sample A,-7.208,-6.535,-0.006,34.84,0.75,6.99,0.42,-0.006,-0.03,-0.0,0.031,19.652,0.06,False,,,,,
640,demo,pursuit,grassland,Sample A,-7.198,-6.528,-0.006,34.85,0.75,6.978,0.41,-0.006,-0.03,-0.0,0.031,19.651,0.058,False,,,,,
641,demo,pursuit,grassland,Sample A,-7.187,-6.521,-0.006,34.87,0.75,6.965,0.39,-0.006,-0.03,-0.0,0.031,19.65,0.057,False,,,,,
642,demo,pursuit,grassland,Sample A,-7.177,-6.513,-0.006,34.88,0.75,6.952,0.38,-0.006,-0.03,-0.0,0.031,19.65,0.055,False,,,,,
643,demo,pursuit,grassland,Sample A,-7.167,-6.507,-0.006,34.89,0.75,6.94,0.37,-0.006,-0.03,-0.0,0.031,19.649,0.053,False,,,,,
644,demo,pursuit,grassland,Sample A,-7.157,-6.499,-0.006,34.9,0.75,6.928,0.36,-0.006,-0.03,-0.0,0.031,19.648,0.052,False,,,,,
645,demo,pursuit,grassland,Sample A,-7.146,-6.492,-0.006,34.92,0.75,6.915,0.35,-0.006,-0.03,-0.0,0.031,19.647,0.05,False,,,,,
646,demo,pursuit,grassland,Sample A,-7.136,-6.485,-0.006,34.93,0.75,6.903,0.34,-0.006,-0.03,-0.0,0.031,19.647,0.049,False,,,,,
647,demo,pursuit,grassland,Sample A,-7.126,-6.478,-0.006,34.94,0.75,6.89,0.32,-0.006,-0.03,-0.0,0.031,19.646,0.047,False,,,,,
648,demo,pursuit,grassland,Sample A,-7.115,-6.47,-0.006,34.95,0.75,6.877,0.31,-0.006,-0.03,-0.0,0.031,19.646,0.046,False,,,,,
649,demo,pursuit,grassland,Sample A,-7.105,-6.464,-0.006,34.96,0.75,6.865,0.3,-0.006,-0.03,-0.0,0.031,19.645,0.044,False,,,,,
650,demo,pursuit,grassland,Sample A,-7.095,-6.456,-0.006,34.97,0.75,6.852,0.29,-0.006,-0.03,-0.0,0.031,19.644,0.043,False,,,,,
651,demo,pursuit,grassland,Sample A,-7.084,-6.449,-0.006,34.98,0.75,6.839,0.29,-0.006,-0.03,-0.0,0.031,19.644,0.042,False,,,,,
652,demo,pursuit,grassland,Sample A,-7.074,-6.442,-0.006,34.99,0.75,6.827,0.28,-0.006,-0.03,-0.0,0.031,19.643,0.04,False,,,,,
653,demo,pursuit,grassland,Sample A,-7.064,-6.435,-0.006,35.0,0.75,6.815,0.27,-0.006,-0.03,-0.0,0.031,19.643,0.039,False,,,,,
654,demo,pursuit,grassland,Sample A,-7.054,-6.428,-0.006,35.01,0.75,6.803,0.26,-0.006,-0.04,-0.0,0.031,19.642,0.038,False,,,,,
655,demo,pursuit,grassland,Sample A,-7.043,-6.42,-0.005,35.02,0.75,6.79,0.25,-0.005,-0.04,-0.0,0.031,19.642,0.037,False,,,,,
656,demo,pursuit,grassland,Sample A,-7.033,-6.413,-0.005,35.02,0.75,6.777,0.24,-0.005,-0.04,-0.0,0.031,19.641,0.036,False,,,,,
657,demo,pursuit,grassland,Sample A,-7.023,-6.406,-0.005,35.03,0.75,6.765,0.24,-0.005,-0.04,-0.0,0.031,19.641,0.035,False,,,,,
658,demo,pursuit,grassland,Sample A,-7.013,-6.399,-0.005,35.04,0.75,6.752,0.23,-0.005,-0.04,-0.0,0.031,19.641,0.034,False,,,,,
659,demo,pursuit,grassland,Sample A,-7.002,-6.391,-0.005,35.05,0.75,6.739,0.22,-0.005,-0.04,-0.0,0.031,19.64,0.033,False,,,,,
660,demo,pursuit,grassland,Sample A,-6.993,-6.385,-0.005,35.05,0.75,6.728,0.21,-0.005,-0.04,-0.0,0.031,19.64,0.032,False,,,,,
661,demo,pursuit,grassland,Sample A,-6.982,-6.377,-0.005,35.06,0.75,6.715,0.21,-0.005,-0.04,-0.0,0.031,19.639,0.031,False,,,,,
662,demo,pursuit,grassland,Sample A,-6.972,-6.37,-0.005,35.07,0.75,6.703,0.2,-0.005,-0.04,-0.0,0.031,19.639,0.03,False,,,,,
663,demo,pursuit,grassland,Sample A,-6.962,-6.363,-0.005,35.08,0.75,6.689,0.19,-0.005,-0.04,-0.0,0.031,19.639,0.029,False,,,,,
664,demo,pursuit,grassland,Sample A,-6.952,-6.356,-0.005,35.08,0.75,6.678,0.19,-0.005,-0.04,0.0,0.031,19.638,0.028,False,,,,,
665,demo,pursuit,grassland,Sample A,-6.942,-6.349,-0.005,35.09,0.75,6.665,0.18,-0.005,-0.04,0.0,0.031,19.638,0.027,False,,,,,
666,demo,pursuit,grassland,Sample A,-6.931,-6.342,-0.005,35.09,0.75,6.653,0.18,-0.005,-0.04,0.0,0.031,19.638,0.027,False,,,,,
667,demo,pursuit,grassland,Sample A,-6.921,-6.334,-0.005,35.1,0.75,6.64,0.17,-0.005,-0.04,0.0,0.031,19.637,0.026,False,,,,,
668,demo,pursuit,grassland,Sample A,-6.911,-6.327,-0.005,35.11,0.75,6.628,0.17,-0.005,-0.04,0.0,0.03,19.637,0.025,False,,,,,
669,demo,pursuit,grassland,Sample A,-6.901,-6.32,-0.005,35.11,0.75,6.616,0.16,-0.005,-0.04,0.0,0.03,19.637,0.024,False,,,,,
670,demo,pursuit,grassland,Sample A,-6.891,-6.313,-0.005,35.12,0.75,6.603,0.16,-0.005,-0.04,0.0,0.03,19.636,0.024,False,,,,,
671,demo,pursuit,grassland,Sample A,-6.881,-6.306,-0.005,35.12,0.75,6.591,0.15,-0.005,-0.04,0.0,0.03,19.636,0.023,False,,,,,
672,demo,pursuit,grassland,Sample A,-6.87,-6.299,-0.005,35.13,0.75,6.578,0.15,-0.005,-0.04,0.0,0.03,19.636,0.022,False,,,,,
673,demo,pursuit,grassland,Sample A,-6.859,-6.291,-0.005,35.13,0.75,6.564,0.14,-0.005,-0.04,0.0,0.03,19.636,0.021,False,,,,,
674,demo,pursuit,grassland,Sample A,-6.85,-6.284,-0.005,35.14,0.75,6.553,0.14,-0.005,-0.04,0.0,0.03,19.635,0.021,False,,,,,
675,demo,pursuit,grassland,Sample A,-6.839,-6.277,-0.005,35.14,0.75,6.54,0.13,-0.005,-0.04,0.0,0.03,19.635,0.02,False,,,,,
676,demo,pursuit,grassland,Sample A,-6.829,-6.269,-0.005,35.15,0.75,6.527,0.13,-0.005,-0.04,0.0,0.03,19.635,0.02,False,,,,,
677,demo,pursuit,grassland,Sample A,-6.818,-6.262,-0.005,35.15,0.75,6.514,0.12,-0.005,-0.04,0.0,0.03,19.635,0.019,False,,,,,
678,demo,pursuit,grassland,Sample A,-6.809,-6.255,-0.005,35.15,0.75,6.503,0.12,-0.005,-0.04,0.0,0.03,19.634,0.018,False,,,,,
679,demo,pursuit,grassland,Sample A,-6.799,-6.248,-0.005,35.16,0.75,6.49,0.12,-0.005,-0.04,0.0,0.03,19.634,0.018,False,,,,,
680,demo,pursuit,grassland,Sample A,-6.788,-6.241,-0.005,35.16,0.75,6.477,0.11,-0.005,-0.04,0.0,0.03,19.634,0.017,False,,,,,
681,demo,pursuit,grassland,Sample A,-6.778,-6.233,-0.005,35.17,0.75,6.465,0.11,-0.005,-0.04,0.0,0.03,19.634,0.017,False,,,,,
682,demo,pursuit,grassland,Sample A,-6.768,-6.226,-0.005,35.17,0.75,6.452,0.11,-0.005,-0.04,0.0,0.03,19.634,0.016,False,,,,,
683,demo,pursuit,grassland,Sample A,-6.757,-6.219,-0.005,35.17,0.75,6.44,0.1,-0.005,-0.04,0.0,0.03,19.633,0.016,False,,,,,
684,demo,pursuit,grassland,Sample A,-6.748,-6.212,-0.005,35.18,0.75,6.428,0.1,-0.005,-0.04,0.0,0.03,19.633,0.015,False,,,,,
685,demo,pursuit,grassland,Sample A,-6.738,-6.205,-0.005,35.18,0.75,6.416,0.1,-0.005,-0.04,0.0,0.03,19.633,0.015,False,,,,,
686,demo,pursuit,grassland,Sample A,-6.727,-6.198,-0.005,35.18,0.75,6.403,0.09,-0.005,-0.04,0.0,0.03,19.633,0.015,False,,,,,
687,demo,pursuit,grassland,Sample A,-6.717,-6.191,-0.005,35.19,0.75,6.39,0.09,-0.005,-0.05,0.0,0.03,19.633,0.014,False,,,,,
688,demo,pursuit,grassland,Sample A,-6.707,-6.183,-0.005,35.19,0.75,6.378,0.09,-0.005,-0.05,0.0,0.03,19.633,0.014,False,,,,,
689,demo,pursuit,grassland,Sample A,-6.696,-6.176,-0.005,35.19,0.75,6.365,0.08,-0.005,-0.05,0.0,0.03,19.632,0.013,False,,,,,
690,demo,pursuit,grassland,Sample A,-6.686,-6.169,-0.005,35.19,0.75,6.353,0.08,-0.005,-0.05,0.0,0.03,19.632,0.013,False,,,,,
691,demo,pursuit,grassland,Sample A,-6.676,-6.162,-0.005,35.2,0.75,6.34,0.08,-0.005,-0.05,0.0,0.03,19.632,0.013,False,,,,,
692,demo,pursuit,grassland,Sample A,-6.666,-6.154,-0.005,35.2,0.75,6.327,0.08,-0.005,-0.05,0.0,0.03,19.632,0.012,False,,,,,
693,demo,pursuit,grassland,Sample A,-6.655,-6.147,-0.005,35.2,0.75,6.315,0.07,-0.005,-0.05,0.0,0.03,19.632,0.012,False,,,,,
694,demo,pursuit,grassland,Sample A,-6.645,-6.14,-0.005,35.21,0.75,6.302,0.07,-0.005,-0.05,0.0,0.03,19.632,0.011,False,,,,,
695,demo,pursuit,grassland,Sample A,-6.635,-6.133,-0.005,35.21,0.75,6.29,0.07,-0.005,-0.05,0.0,0.03,19.632,0.011,False,,,,,
696,demo,pursuit,grassland,Sample A,-6.624,-6.125,-0.005,35.21,0.75,6.277,0.07,-0.005,-0.05,0.0,0.03,19.632,0.011,False,,,,,
697,demo,pursuit,grassland,Sample A,-6.614,-6.118,-0.005,35.21,0.75,6.265,0.07,-0.005,-0.05,0.01,0.03,19.631,0.01,False,,,,,
698,demo,pursuit,grassland,Sample A,-6.604,-6.111,-0.005,35.21,0.75,6.252,0.06,-0.005,-0.05,0.01,0.03,19.631,0.01,False,,,,,
699,demo,pursuit,grassland,Sample A,-6.594,-6.104,-0.005,35.22,0.75,6.24,0.06,-0.005,-0.05,0.01,0.03,19.631,0.01,False,,,,,
700,demo,pursuit,grassland,Sample A,-6.584,-6.097,-0.005,35.22,0.75,6.228,0.06,-0.005,-0.05,0.01,0.03,19.631,0.01,False,,,,,
701,demo,pursuit,grassland,Sample A,-6.573,-6.089,-0.005,35.22,0.75,6.214,0.06,-0.005,-0.05,0.01,0.03,19.631,0.009,False,,,,,
702,demo,pursuit,grassland,Sample A,-6.563,-6.082,-0.005,35.22,0.75,6.202,0.06,-0.005,-0.05,0.01,0.03,19.631,0.009,False,,,,,
703,demo,pursuit,grassland,Sample A,-6.553,-6.075,-0.005,35.22,0.75,6.19,0.05,-0.005,-0.05,0.01,0.03,19.631,0.009,False,,,,,
704,demo,pursuit,grassland,Sample A,-6.543,-6.068,-0.005,35.23,0.75,6.178,0.05,-0.005,-0.05,0.01,0.03,19.631,0.008,False,,,,,
705,demo,pursuit,grassland,Sample A,-6.533,-6.061,-0.005,35.23,0.75,6.165,0.05,-0.005,-0.05,0.01,0.03,19.631,0.008,False,,,,,
706,demo,pursuit,grassland,Sample A,-6.523,-6.054,-0.005,35.23,0.75,6.153,0.05,-0.005,-0.05,0.01,0.03,19.631,0.008,False,,,,,
707,demo,pursuit,grassland,Sample A,-6.512,-6.046,-0.005,35.23,0.75,6.14,0.05,-0.005,-0.05,0.01,0.03,19.631,0.008,False,,,,,
708,demo,pursuit,grassland,Sample A,-6.502,-6.039,-0.005,35.23,0.75,6.128,0.05,-0.005,-0.05,0.01,0.03,19.63,0.008,False,,,,,
709,demo,pursuit,grassland,Sample A,-6.492,-6.032,-0.005,35.23,0.75,6.115,0.04,-0.005,-0.05,0.01,0.03,19.63,0.007,False,,,,,
710,demo,pursuit,grassland,Sample A,-6.481,-6.024,-0.005,35.24,0.75,6.102,0.04,-0.005,-0.05,0.01,0.03,19.63,0.007,False,,,,,
711,demo,pursuit,grassland,Sample A,-6.472,-6.017,-0.005,35.24,0.75,6.09,0.04,-0.005,-0.05,0.01,0.03,19.63,0.007,False,,,,,
712,demo,pursuit,grassland,Sample A,-6.461,-6.01,-0.005,35.24,0.75,6.078,0.04,-0.005,-0.05,0.01,0.03,19.63,0.007,False,,,,,
713,demo,pursuit,grassland,Sample A,-6.451,-6.003,-0.005,35.24,0.75,6.065,0.04,-0.005,-0.05,0.01,0.03,19.63,0.006,False,,,,,
714,demo,pursuit,grassland,Sample A,-6.441,-5.996,-0.005,35.24,0.75,6.053,0.04,-0.005,-0.05,0.01,0.03,19.63,0.006,False,,,,,
715,demo,pursuit,grassland,Sample A,-6.431,-5.989,-0.005,35.24,0.75,6.04,0.04,-0.005,-0.05,0.01,0.03,19.63,0.006,False,,,,,
716,demo,pursuit,grassland,Sample A,-6.421,-5.981,-0.005,35.24,0.75,6.028,0.04,-0.005,-0.05,0.01,0.03,19.63,0.006,False,,,,,
717,demo,pursuit,grassland,Sample A,-6.411,-5.974,-0.005,35.24,0.75,6.015,0.03,-0.005,-0.05,0.01,0.03,19.63,0.006,False,,,,,
718,demo,pursuit,grassland,Sample A,-6.4,-5.967,-0.005,35.25,0.75,6.003,0.03,-0.005,-0.05,0.01,0.03,19.63,0.006,False,,,,,
719,demo,pursuit,grassland,Sample A,-6.39,-5.96,-0.005,35.25,0.75,5.99,0.03,-0.005,-0.05,0.01,0.03,19.63,0.005,False,,,,,
720,demo,pursuit,grassland,Sample A,-6.38,-5.952,-0.005,35.25,0.75,5.977,0.03,-0.005,-0.06,0.01,0.03,19.63,0.005,False,,,,,
721,demo,pursuit,grassland,Sample A,-6.369,-5.945,-0.005,35.25,0.75,5.965,0.03,-0.005,-0.06,0.01,0.03,19.63,0.005,False,,,,,
722,demo,pursuit,grassland,Sample A,-6.36,-5.938,-0.005,35.25,0.75,5.953,0.03,-0.005,-0.06,0.01,0.03,19.63,0.005,False,,,,,
723,demo,pursuit,grassland,Sample A,-6.349,-5.931,-0.005,35.25,0.75,5.94,0.03,-0.005,-0.06,0.01,0.03,19.63,0.005,False,,,,,
724,demo,pursuit,grassland,Sample A,-6.339,-5.924,-0.005,35.25,0.75,5.928,0.03,-0.005,-0.06,0.01,0.03,19.63,0.005,False,,,,,
725,demo,pursuit,grassland,Sample A,-6.329,-5.917,-0.005,35.25,0.75,5.915,0.03,-0.005,-0.06,0.01,0.03,19.63,0.005,False,,,,,
726,demo,pursuit,grassland,Sample A,-6.319,-5.909,-0.005,35.25,0.75,5.903,0.03,-0.005,-0.06,0.01,0.03,19.63,0.004,False,,,,,
727,demo,pursuit,grassland,Sample A,-6.309,-5.902,-0.005,35.25,0.75,5.891,0.03,-0.005,-0.06,0.01,0.03,19.63,0.004,False,,,,,
728,demo,pursuit,grassland,Sample A,-6.298,-5.895,-0.005,35.26,0.75,5.878,0.02,-0.005,-0.06,0.01,0.03,19.63,0.004,False,,,,,
729,demo,pursuit,grassland,Sample A,-6.288,-5.888,-0.005,35.26,0.75,5.865,0.02,-0.005,-0.06,0.01,0.03,19.629,0.004,False,,,,,
730,demo,pursuit,grassland,Sample A,-6.278,-5.88,-0.005,35.26,0.75,5.853,0.02,-0.005,-0.06,0.01,0.03,19.629,0.004,False,,,,,
731,demo,pursuit,grassland,Sample A,-6.268,-5.873,-0.005,35.26,0.75,5.841,0.02,-0.005,-0.06,0.01,0.03,19.629,0.004,False,,,,,
732,demo,pursuit,grassland,Sample A,-6.258,-5.866,-0.005,35.26,0.75,5.828,0.02,-0.005,-0.06,0.01,0.03,19.629,0.004,False,,,,,
733,demo,pursuit,grassland,Sample A,-6.248,-5.859,-0.005,35.26,0.75,5.816,0.02,-0.005,-0.06,0.01,0.03,19.629,0.004,False,,,,,
734,demo,pursuit,grassland,Sample A,-6.236,-5.851,-0.005,35.26,0.75,5.802,0.02,-0.005,-0.06,0.01,0.03,19.629,0.003,False,,,,,
735,demo,pursuit,grassland,Sample A,-6.227,-5.844,-0.005,35.26,0.75,5.79,0.02,-0.005,-0.06,0.01,0.03,19.629,0.003,False,,,,,
736,demo,pursuit,grassland,Sample A,-6.216,-5.837,-0.005,35.26,0.75,5.777,0.02,-0.005,-0.06,0.01,0.03,19.629,0.003,False,,,,,
737,demo,pursuit,grassland,Sample A,-6.206,-5.83,-0.005,35.26,0.75,5.765,0.02,-0.005,-0.06,0.01,0.03,19.629,0.003,False,,,,,
738,demo,pursuit,grassland,Sample A,-6.196,-5.823,-0.005,35.26,0.75,5.753,0.02,-0.005,-0.06,0.01,0.03,19.629,0.003,False,,,,,
739,demo,pursuit,grassland,Sample A,-6.186,-5.815,-0.005,35.26,0.75,5.74,0.02,-0.005,-0.06,0.01,0.03,19.629,0.003,False,,,,,
740,demo,pursuit,grassland,Sample A,-6.176,-5.808,-0.005,35.26,0.75,5.728,0.02,-0.005,-0.06,0.01,0.03,19.629,0.003,False,,,,,
741,demo,pursuit,grassland,Sample A,-6.166,-5.801,-0.005,35.26,0.75,5.715,0.02,-0.005,-0.06,0.01,0.03,19.629,0.003,False,,,,,
742,demo,pursuit,grassland,Sample A,-6.156,-5.794,-0.005,35.27,0.75,5.703,0.02,-0.005,-0.06,0.01,0.03,19.629,0.003,False,,,,,
743,demo,pursuit,grassland,Sample A,-6.145,-5.787,-0.005,35.27,0.75,5.69,0.02,-0.005,-0.06,0.01,0.03,19.629,0.003,False,,,,,
744,demo,pursuit,grassland,Sample A,-6.135,-5.779,-0.005,35.27,0.75,5.678,0.01,-0.005,-0.06,0.01,0.03,19.629,0.003,False,,,,,
745,demo,pursuit,grassland,Sample A,-6.125,-5.772,-0.005,35.27,0.75,5.666,0.01,-0.005,-0.06,0.01,0.03,19.629,0.003,False,,,,,
746,demo,pursuit,grassland,Sample A,-6.114,-5.765,-0.005,35.27,0.75,5.653,0.01,-0.005,-0.06,0.01,0.03,19.629,0.002,False,,,,,
747,demo,pursuit,grassland,Sample A,-6.105,-5.758,-0.005,35.27,0.75,5.641,0.01,-0.005,-0.06,0.01,0.03,19.629,0.002,False,,,,,
748,demo,pursuit,grassland,Sample A,-6.094,-5.75,-0.005,35.27,0.75,5.627,0.01,-0.005,-0.06,0.01,0.03,19.629,0.002,False,,,,,
749,demo,pursuit,grassland,Sample A,-6.084,-5.743,-0.005,35.27,0.75,5.615,0.01,-0.005,-0.06,0.01,0.03,19.629,0.002,False,,,,,
750,demo,pursuit,grassland,Sample A,-6.074,-5.736,-0.005,35.27,0.75,5.603,0.01,-0.005,-0.06,0.01,0.03,19.629,0.002,False,,,,,
751,demo,pursuit,grassland,Sample A,-6.063,-5.728,-0.005,35.27,0.75,5.59,0.01,-0.005,-0.06,0.01,0.03,19.629,0.002,False,,,,,
752,demo,pursuit,grassland,Sample A,-6.053,-5.721,-0.005,35.27,0.75,5.577,0.01,-0.005,-0.07,0.01,0.03,19.629,0.002,False,,,,,
753,demo,pursuit,grassland,Sample A,-6.043,-5.715,-0.005,35.27,0.75,5.565,0.01,-0.005,-0.07,0.01,0.03,19.629,0.002,False,,,,,
754,demo,pursuit,grassland,Sample A,-6.033,-5.707,-0.005,35.27,0.75,5.553,0.01,-0.005,-0.07,0.01,0.03,19.629,0.002,False,,,,,
755,demo,pursuit,grassland,Sample A,-6.023,-5.7,-0.005,35.27,0.75,5.54,0.01,-0.005,-0.07,0.01,0.03,19.629,0.002,False,,,,,
756,demo,pursuit,grassland,Sample A,-6.013,-5.693,-0.004,35.27,0.75,5.528,0.01,-0.004,-0.07,0.02,0.03,19.629,0.002,False,,,,,
757,demo,pursuit,grassland,Sample A,-6.002,-5.686,-0.004,35.27,0.75,5.515,0.01,-0.004,-0.07,0.02,0.03,19.629,0.002,False,,,,,
758,demo,pursuit,grassland,Sample A,-5.992,-5.678,-0.004,35.27,0.75,5.503,0.01,-0.004,-0.07,0.02,0.03,19.629,0.002,False,,,,,
759,demo,pursuit,grassland,Sample A,-5.982,-5.671,-0.004,35.27,0.75,5.49,0.01,-0.004,-0.07,0.02,0.03,19.629,0.002,False,,,,,
760,demo,pursuit,grassland,Sample A,-5.972,-5.664,-0.004,35.27,0.75,5.478,0.01,-0.004,-0.07,0.02,0.03,19.629,0.002,False,,,,,
761,demo,pursuit,grassland,Sample A,-5.962,-5.657,-0.004,35.27,0.75,5.465,0.01,-0.004,-0.07,0.02,0.03,19.629,0.002,False,,,,,
762,demo,pursuit,grassland,Sample A,-5.951,-5.649,-0.004,35.27,0.75,5.452,0.01,-0.004,-0.07,0.02,0.03,19.629,0.002,False,,,,,
763,demo,pursuit,grassland,Sample A,-5.941,-5.642,-0.004,35.27,0.75,5.44,0.01,-0.004,-0.07,0.02,0.03,19.629,0.001,False,,,,,
764,demo,pursuit,grassland,Sample A,-5.93,-5.635,-0.004,35.27,0.75,5.427,0.01,-0.004,-0.07,0.02,0.03,19.629,0.001,False,,,,,
765,demo,pursuit,grassland,Sample A,-5.92,-5.628,-0.004,35.27,0.75,5.415,0.01,-0.004,-0.07,0.02,0.03,19.629,0.001,False,,,,,
766,demo,pursuit,grassland,Sample A,-5.91,-5.621,-0.004,35.27,0.75,5.403,0.01,-0.004,-0.07,0.02,0.03,19.629,0.001,False,,,,,
767,demo,pursuit,grassland,Sample A,-5.9,-5.613,-0.004,35.27,0.75,5.39,0.01,-0.004,-0.07,0.02,0.03,19.629,0.001,False,,,,,
768,demo,pursuit,grassland,Sample A,-5.89,-5.606,-0.004,35.27,0.75,5.378,0.01,-0.004,-0.07,0.02,0.03,19.629,0.001,False,,,,,
769,demo,pursuit,grassland,Sample A,-5.879,-5.599,-0.004,35.27,0.75,5.365,0.01,-0.004,-0.07,0.02,0.03,19.629,0.001,False,,,,,
770,demo,pursuit,grassland,Sample A,-5.869,-5.591,-0.004,35.28,0.75,5.352,0.01,-0.004,-0.07,0.02,0.03,19.629,0.001,False,,,,,
771,demo,pursuit,grassland,Sample A,-5.859,-5.585,-0.004,35.28,0.75,5.34,0.01,-0.004,-0.07,0.02,0.03,19.629,0.001,False,,,,,
772,demo,pursuit,grassland,Sample A,-5.85,-5.578,-0.004,35.28,0.75,5.328,0.01,-0.004,-0.07,0.02,0.03,19.629,0.001,False,,,,,
773,demo,pursuit,grassland,Sample A,-5.838,-5.57,-0.004,35.28,0.75,5.314,0.01,-0.004,-0.07,0.02,0.03,19.629,0.001,False,,,,,
774,demo,pursuit,grassland,Sample A,-5.829,-5.563,-0.004,35.28,0.75,5.303,0.01,-0.004,-0.07,0.02,0.03,19.629,0.001,False,,,,,
775,demo,pursuit,grassland,Sample A,-5.819,-5.556,-0.004,35.28,0.75,5.291,0.01,-0.004,-0.07,0.02,0.03,19.629,0.001,False,,,,,
776,demo,pursuit,grassland,Sample A,-5.808,-5.548,-0.004,35.28,0.75,5.278,0.01,-0.004,-0.07,0.02,0.03,19.629,0.001,False,,,,,
777,demo,pursuit,grassland,Sample A,-5.798,-5.541,-0.004,35.28,0.75,5.266,0.01,-0.004,-0.07,0.02,0.03,19.629,0.001,False,,,,,
778,demo,pursuit,grassland,Sample A,-5.788,-5.534,-0.004,35.28,0.75,5.253,0.01,-0.004,-0.07,0.02,0.03,19.629,0.001,False,,,,,
779,demo,pursuit,grassland,Sample A,-5.778,-5.527,-0.004,35.28,0.75,5.241,0.0,-0.004,-0.07,0.02,0.03,19.629,0.001,False,,,,,
780,demo,pursuit,grassland,Sample A,-5.768,-5.52,-0.004,35.28,0.75,5.228,0.0,-0.004,-0.07,0.02,0.03,19.629,0.001,False,,,,,
781,demo,pursuit,grassland,Sample A,-5.757,-5.512,-0.004,35.28,0.75,5.215,0.0,-0.004,-0.07,0.02,0.03,19.629,0.001,False,,,,,
782,demo,pursuit,grassland,Sample A,-5.747,-5.505,-0.004,35.28,0.75,5.203,0.0,-0.004,-0.07,0.02,0.03,19.629,0.001,False,,,,,
783,demo,pursuit,grassland,Sample A,-5.737,-5.498,-0.004,35.28,0.75,5.19,0.0,-0.004,-0.08,0.02,0.03,19.629,0.001,False,,,,,
784,demo,pursuit,grassland,Sample A,-5.727,-5.491,-0.004,35.28,0.75,5.178,0.0,-0.004,-0.08,0.02,0.03,19.629,0.001,False,,,,,
785,demo,pursuit,grassland,Sample A,-5.716,-5.483,-0.004,35.28,0.75,5.165,0.0,-0.004,-0.08,0.02,0.03,19.629,0.001,False,,,,,
786,demo,pursuit,grassland,Sample A,-5.706,-5.476,-0.004,35.28,0.75,5.152,0.0,-0.004,-0.08,0.02,0.03,19.629,0.001,False,,,,,
787,demo,pursuit,grassland,Sample A,-5.696,-5.469,-0.004,35.28,0.75,5.141,0.0,-0.004,-0.08,0.02,0.03,19.629,0.001,False,,,,,
788,demo,pursuit,grassland,Sample A,-5.686,-5.462,-0.004,35.28,0.75,5.128,0.0,-0.004,-0.08,0.02,0.03,19.629,0.001,False,,,,,
789,demo,pursuit,grassland,Sample A,-5.676,-5.454,-0.004,35.28,0.75,5.115,0.0,-0.004,-0.08,0.02,0.03,19.629,0.001,False,,,,,
790,demo,pursuit,grassland,Sample A,-5.666,-5.447,-0.004,35.28,0.75,5.103,0.0,-0.004,-0.08,0.02,0.03,19.629,0.001,False,,,,,
791,demo,pursuit,grassland,Sample A,-5.655,-5.44,-0.004,35.28,0.75,5.091,0.0,-0.004,-0.08,0.02,0.03,19.629,0.001,False,,,,,
792,demo,pursuit,grassland,Sample A,-5.645,-5.433,-0.004,35.28,0.75,5.078,0.0,-0.004,-0.08,0.02,0.03,19.629,0.001,False,,,,,
793,demo,pursuit,grassland,Sample A,-5.635,-5.426,-0.004,35.28,0.75,5.065,0.0,-0.004,-0.08,0.02,0.03,19.629,0.001,False,,,,,
794,demo,pursuit,grassland,Sample A,-5.625,-5.419,-0.004,35.28,0.75,5.053,0.0,-0.004,-0.08,0.02,0.03,19.629,0.001,False,,,,,
795,demo,pursuit,grassland,Sample A,-5.615,-5.412,-0.004,35.28,0.75,5.041,0.0,-0.004,-0.08,0.02,0.03,19.629,0.001,False,,,,,
796,demo,pursuit,grassland,Sample A,-5.604,-5.404,-0.004,35.28,0.75,5.028,0.0,-0.004,-0.08,0.02,0.03,19.629,0.001,False,,,,,
797,demo,pursuit,grassland,Sample A,-5.594,-5.397,-0.004,35.28,0.75,5.016,0.0,-0.004,-0.08,0.02,0.03,19.629,0.001,False,,,,,
798,demo,pursuit,grassland,Sample A,-5.584,-5.389,-0.004,35.28,0.75,5.002,0.0,-0.004,-0.08,0.02,0.03,19.629,0.001,False,,,,,
799,demo,pursuit,grassland,Sample A,-5.574,-5.382,-0.004,35.28,0.75,4.99,0.0,-0.004,-0.08,0.02,0.03,19.63,0.001,False,,,,,
800,demo,pursuit,grassland,Sample A,-5.563,-5.375,-0.004,35.28,0.75,4.977,0.0,-0.004,-0.08,0.02,0.03,19.63,0.001,False,,,,,
801,demo,pursuit,grassland,Sample A,-5.554,-5.368,-0.004,35.28,0.75,4.966,0.0,-0.004,-0.08,0.02,0.03,19.63,0.0,False,,,,,
802,demo,pursuit,grassland,Sample A,-5.542,-5.36,-0.004,35.28,0.75,4.952,0.0,-0.004,-0.08,0.02,0.03,19.63,0.0,False,,,,,
803,demo,pursuit,grassland,Sample A,-5.533,-5.353,-0.004,35.28,0.75,4.94,0.0,-0.004,-0.08,0.02,0.03,19.63,0.0,False,,,,,
804,demo,pursuit,grassland,Sample A,-5.523,-5.346,-0.004,35.28,0.75,4.928,0.0,-0.004,-0.08,0.02,0.03,19.63,0.0,False,,,,,
805,demo,pursuit,grassland,Sample A,-5.512,-5.339,-0.004,35.28,0.75,4.915,0.0,-0.004,-0.08,0.02,0.03,19.63,0.0,False,,,,,
806,demo,pursuit,grassland,Sample A,-5.502,-5.332,-0.004,35.28,0.75,4.903,0.0,-0.004,-0.08,0.02,0.03,19.63,0.0,False,,,,,
807,demo,pursuit,grassland,Sample A,-5.492,-5.325,-0.004,35.28,0.75,4.89,0.0,-0.004,-0.08,0.02,0.03,19.63,0.0,False,,,,,
808,demo,pursuit,grassland,Sample A,-5.481,-5.317,-0.004,35.28,0.75,4.877,0.0,-0.004,-0.08,0.02,0.03,19.63,0.0,False,,,,,
809,demo,pursuit,grassland,Sample A,-5.471,-5.31,-0.004,35.28,0.75,4.865,0.0,-0.004,-0.08,0.02,0.03,19.63,0.0,False,,,,,
810,demo,pursuit,grassland,Sample A,-5.462,-5.303,-0.004,35.28,0.75,4.853,0.0,-0.004,-0.08,0.02,0.03,19.63,0.0,False,,,,,
811,demo,pursuit,grassland,Sample A,-5.452,-5.296,-0.004,35.28,0.75,4.841,0.0,-0.004,-0.08,0.03,0.03,19.63,0.0,False,,,,,
812,demo,pursuit,grassland,Sample A,-5.442,-5.289,-0.004,35.28,0.75,4.828,0.0,-0.004,-0.08,0.03,0.03,19.63,0.0,False,,,,,
813,demo,pursuit,grassland,Sample A,-5.431,-5.282,-0.004,35.28,0.75,4.816,0.0,-0.004,-0.08,0.03,0.03,19.63,0.0,False,,,,,
814,demo,pursuit,grassland,Sample A,-5.421,-5.274,-0.004,35.28,0.75,4.803,0.0,-0.004,-0.08,0.03,0.03,19.63,0.0,False,,,,,
815,demo,pursuit,grassland,Sample A,-5.411,-5.267,-0.004,35.28,0.75,4.791,0.0,-0.004,-0.09,0.03,0.03,19.63,0.0,False,,,,,
816,demo,pursuit,grassland,Sample A,-5.401,-5.26,-0.004,35.28,0.75,4.778,0.0,-0.004,-0.09,0.03,0.03,19.63,0.0,False,,,,,
817,demo,pursuit,grassland,Sample A,-5.39,-5.252,-0.004,35.28,0.75,4.765,0.0,-0.004,-0.09,0.03,0.03,19.63,0.0,False,,,,,
818,demo,pursuit,grassland,Sample A,-5.38,-5.245,-0.003,35.28,0.75,4.753,0.0,-0.003,-0.09,0.03,0.03,19.63,0.0,False,,,,,
819,demo,pursuit,grassland,Sample A,-5.37,-5.238,-0.003,35.28,0.75,4.741,0.0,-0.003,-0.09,0.03,0.03,19.63,0.0,False,,,,,
820,demo,pursuit,grassland,Sample A,-5.36,-5.231,-0.003,35.28,0.75,4.728,0.0,-0.003,-0.09,0.03,0.03,19.63,0.0,False,,,,,
821,demo,pursuit,grassland,Sample A,-5.35,-5.224,-0.003,35.28,0.75,4.716,0.0,-0.003,-0.09,0.03,0.03,19.63,0.0,False,,,,,
822,demo,pursuit,grassland,Sample A,-5.339,-5.217,-0.003,35.28,0.75,4.703,0.0,-0.003,-0.09,0.03,0.03,19.63,0.0,False,,,,,
823,demo,pursuit,grassland,Sample A,-5.329,-5.209,-0.003,35.28,0.75,4.691,0.0,-0.003,-0.09,0.03,0.03,19.63,0.0,False,,,,,
824,demo,pursuit,grassland,Sample A,-5.319,-5.202,-0.003,35.28,0.75,4.678,0.0,-0.003,-0.09,0.03,0.03,19.63,0.0,False,,,,,
825,demo,pursuit,grassland,Sample A,-5.309,-5.195,-0.003,35.28,0.75,4.666,0.0,-0.003,-0.09,0.03,0.03,19.63,0.0,False,,,,,
826,demo,pursuit,grassland,Sample A,-5.299,-5.188,-0.003,35.28,0.75,4.653,0.0,-0.003,-0.09,0.03,0.03,19.63,0.0,False,,,,,
827,demo,pursuit,grassland,Sample A,-5.289,-5.181,-0.003,35.28,0.75,4.641,0.0,-0.003,-0.09,0.03,0.03,19.63,0.0,False,,,,,
828,demo,pursuit,grassland,Sample A,-5.278,-5.173,-0.003,35.28,0.75,4.628,0.0,-0.003,-0.09,0.03,0.03,19.63,0.0,False,,,,,
829,demo,pursuit,grassland,Sample A,-5.268,-5.166,-0.003,35.28,0.75,4.615,0.0,-0.003,-0.09,0.03,0.03,19.63,0.0,False,,,,,
830,demo,pursuit,grassland,Sample A,-5.257,-5.159,-0.003,35.28,0.75,4.603,0.0,-0.003,-0.09,0.03,0.03,19.63,0.0,False,,,,,
831,demo,pursuit,grassland,Sample A,-5.247,-5.151,-0.003,35.28,0.75,4.59,0.0,-0.003,-0.09,0.03,0.03,19.63,0.0,False,,,,,
832,demo,pursuit,grassland,Sample A,-5.237,-5.144,-0.003,35.28,0.75,4.578,0.0,-0.003,-0.09,0.03,0.03,19.63,0.0,False,,,,,
833,demo,pursuit,grassland,Sample A,-5.227,-5.137,-0.003,35.28,0.75,4.566,0.0,-0.003,-0.09,0.03,0.03,19.63,0.0,False,,,,,
834,demo,pursuit,grassland,Sample A,-5.217,-5.13,-0.003,35.28,0.75,4.553,0.0,-0.003,-0.09,0.03,0.03,19.63,0.0,False,,,,,
835,demo,pursuit,grassland,Sample A,-5.206,-5.122,-0.003,35.28,0.75,4.54,0.0,-0.003,-0.09,0.03,0.03,19.63,0.0,False,,,,,
836,demo,pursuit,grassland,Sample A,-5.196,-5.115,-0.003,35.28,0.75,4.528,0.0,-0.003,-0.09,0.03,0.03,19.63,0.0,False,,,,,
837,demo,pursuit,grassland,Sample A,-5.186,-5.108,-0.003,35.28,0.75,4.516,0.0,-0.003,-0.09,0.03,0.03,19.63,0.0,False,,,,,
838,demo,pursuit,grassland,Sample A,-5.176,-5.101,-0.003,35.28,0.75,4.503,0.0,-0.003,-0.09,0.03,0.03,19.63,0.0,False,,,,,
839,demo,pursuit,grassland,Sample A,-5.166,-5.094,-0.003,35.28,0.75,4.491,0.0,-0.003,-0.09,0.03,0.03,19.63,0.0,False,,,,,
840,demo,pursuit,grassland,Sample A,-5.156,-5.087,-0.003,35.28,0.75,4.478,0.0,-0.003,-0.09,0.03,0.03,19.63,0.0,False,,,,,
841,demo,pursuit,grassland,Sample A,-5.146,-5.079,-0.003,35.28,0.75,4.466,0.0,-0.003,-0.09,0.03,0.03,19.63,0.0,False,,,,,
842,demo,pursuit,grassland,Sample A,-5.135,-5.072,-0.003,35.28,0.75,4.453,0.0,-0.003,-0.09,0.03,0.03,19.63,0.0,False,,,,,
843,demo,pursuit,grassland,Sample A,-5.125,-5.065,-0.003,35.28,0.75,4.441,0.0,-0.003,-0.09,0.03,0.03,19.63,0.0,False,,,,,
844,demo,pursuit,grassland,Sample A,-5.115,-5.058,-0.003,35.28,0.75,4.428,0.0,-0.003,-0.09,0.03,0.03,19.63,0.0,False,,,,,
845,demo,pursuit,grassland,Sample A,-5.105,-5.05,-0.003,35.28,0.75,4.416,0.0,-0.003,-0.09,0.03,0.03,19.63,0.0,False,,,,,
846,demo,pursuit,grassland,Sample A,-5.094,-5.043,-0.003,35.28,0.75,4.403,0.0,-0.003,-0.1,0.03,0.03,19.63,0.0,False,,,,,
847,demo,pursuit,grassland,Sample A,-5.084,-5.036,-0.003,35.28,0.75,4.391,0.0,-0.003,-0.1,0.03,0.03,19.63,0.0,False,,,,,
848,demo,pursuit,grassland,Sample A,-5.074,-5.029,-0.003,35.28,0.75,4.378,0.0,-0.003,-0.1,0.03,0.03,19.63,0.0,False,,,,,
849,demo,pursuit,grassland,Sample A,-5.063,-5.021,-0.003,35.28,0.75,4.365,0.0,-0.003,-0.1,0.03,0.03,19.63,0.0,False,,,,,
850,demo,pursuit,grassland,Sample A,-5.054,-5.014,-0.003,35.28,0.75,4.353,0.0,-0.003,-0.1,0.03,0.03,19.63,0.0,False,,,,,
851,demo,pursuit,grassland,Sample A,-5.043,-5.007,-0.003,35.28,0.75,4.34,0.0,-0.003,-0.1,0.03,0.03,19.63,0.0,False,,,,,
852,demo,pursuit,grassland,Sample A,-5.033,-5.0,-0.003,35.28,0.75,4.328,0.0,-0.003,-0.1,0.03,0.03,19.63,0.0,False,,,,,
853,demo,pursuit,grassland,Sample A,-5.023,-4.993,-0.003,35.28,0.75,4.316,0.0,-0.003,-0.1,0.03,0.03,19.63,0.0,False,,,,,
854,demo,pursuit,grassland,Sample A,-5.013,-4.986,-0.003,35.28,0.75,4.303,0.0,-0.003,-0.1,0.03,0.03,19.63,0.0,False,,,,,
855,demo,pursuit,grassland,Sample A,-5.002,-4.978,-0.003,35.28,0.75,4.29,0.0,-0.003,-0.1,0.03,0.03,19.63,0.0,False,,,,,
856,demo,pursuit,grassland,Sample A,-4.992,-4.971,-0.003,35.28,0.75,4.278,0.0,-0.003,-0.1,0.03,0.03,19.63,0.0,False,,,,,
857,demo,pursuit,grassland,Sample A,-4.982,-4.964,-0.003,35.28,0.75,4.266,0.0,-0.003,-0.1,0.03,0.03,19.63,0.0,False,,,,,
858,demo,pursuit,grassland,Sample A,-4.972,-4.956,-0.003,35.28,0.75,4.253,0.0,-0.003,-0.1,0.03,0.03,19.63,0.0,False,,,,,
859,demo,pursuit,grassland,Sample A,-4.962,-4.949,-0.003,35.28,0.75,4.241,0.0,-0.003,-0.1,0.03,0.03,19.631,0.0,False,,,,,
860,demo,pursuit,grassland,Sample A,-4.952,-4.942,-0.003,35.28,0.75,4.228,0.0,-0.003,-0.1,0.03,0.03,19.631,0.0,False,,,,,
861,demo,pursuit,grassland,Sample A,-4.941,-4.935,-0.003,35.28,0.75,4.215,0.0,-0.003,-0.1,0.03,0.03,19.631,0.0,False,,,,,
862,demo,pursuit,grassland,Sample A,-4.931,-4.928,-0.003,35.28,0.75,4.203,0.0,-0.003,-0.1,0.03,0.03,19.631,0.0,False,,,,,
863,demo,pursuit,grassland,Sample A,-4.921,-4.92,-0.003,35.28,0.75,4.191,0.0,-0.003,-0.1,0.04,0.03,19.631,0.0,False,,,,,
864,demo,pursuit,grassland,Sample A,-4.911,-4.913,-0.003,35.28,0.75,4.178,0.0,-0.003,-0.1,0.04,0.03,19.631,0.0,False,,,,,
865,demo,pursuit,grassland,Sample A,-4.9,-4.906,-0.003,35.28,0.75,4.166,0.0,-0.003,-0.1,0.04,0.03,19.631,0.0,False,,,,,
866,demo,pursuit,grassland,Sample A,-4.89,-4.899,-0.003,35.28,0.75,4.153,0.0,-0.003,-0.1,0.04,0.03,19.631,0.0,False,,,,,
867,demo,pursuit,grassland,Sample A,-4.88,-4.892,-0.002,35.28,0.75,4.141,0.0,-0.002,-0.1,0.04,0.03,19.631,0.0,False,,,,,
868,demo,pursuit,grassland,Sample A,-4.87,-4.885,-0.002,35.28,0.75,4.129,0.0,-0.002,-0.1,0.04,0.03,19.631,0.0,False,,,,,
869,demo,pursuit,grassland,Sample A,-4.859,-4.877,-0.002,35.28,0.75,4.115,0.0,-0.002,-0.1,0.04,0.03,19.631,0.0,False,,,,,
870,demo,pursuit,grassland,Sample A,-4.849,-4.87,-0.002,35.28,0.75,4.103,0.0,-0.002,-0.1,0.04,0.03,19.631,0.0,False,,,,,
871,demo,pursuit,grassland,Sample A,-4.838,-4.862,-0.002,35.28,0.75,4.09,0.0,-0.002,-0.1,0.04,0.03,19.631,0.0,False,,,,,
872,demo,pursuit,grassland,Sample A,-4.829,-4.855,-0.002,35.28,0.75,4.078,0.0,-0.002,-0.1,0.04,0.03,19.631,0.0,False,,,,,
873,demo,pursuit,grassland,Sample A,-4.818,-4.848,-0.002,35.28,0.75,4.065,0.0,-0.002,-0.1,0.04,0.03,19.631,0.0,False,,,,,
874,demo,pursuit,grassland,Sample A,-4.808,-4.841,-0.002,35.28,0.75,4.053,0.0,-0.002,-0.1,0.04,0.03,19.631,0.0,False,,,,,
875,demo,pursuit,grassland,Sample A,-4.799,-4.834,-0.002,35.28,0.75,4.041,0.0,-0.002,-0.1,0.04,0.03,19.631,0.0,False,,,,,
876,demo,pursuit,grassland,Sample A,-4.787,-4.826,-0.002,35.28,0.75,4.027,0.0,-0.002,-0.1,0.04,0.03,19.631,0.0,False,,,,,
877,demo,pursuit,grassland,Sample A,-4.778,-4.819,-0.002,35.28,0.75,4.015,0.0,-0.002,-0.1,0.04,0.03,19.631,0.0,False,,,,,
878,demo,pursuit,grassland,Sample A,-4.767,-4.812,-0.002,35.28,0.75,4.003,0.0,-0.002,-0.11,0.04,0.03,19.631,0.0,False,,,,,
879,demo,pursuit,grassland,Sample A,-4.757,-4.805,-0.002,35.28,0.75,3.99,0.0,-0.002,-0.11,0.04,0.03,19.631,0.0,False,,,,,
880,demo,pursuit,grassland,Sample A,-4.747,-4.798,-0.002,35.28,0.75,3.978,0.0,-0.002,-0.11,0.04,0.03,19.631,0.0,False,,,,,
881,demo,pursuit,grassland,Sample A,-4.737,-4.79,-0.002,35.28,0.75,3.965,0.0,-0.002,-0.11,0.04,0.03,19.631,0.0,False,,,,,
882,demo,pursuit,grassland,Sample A,-4.728,-4.784,-0.002,35.28,0.75,3.954,0.0,-0.002,-0.11,0.04,0.03,19.631,0.0,False,,,,,
883,demo,pursuit,grassland,Sample A,-4.716,-4.776,-0.002,35.28,0.75,3.94,0.0,-0.002,-0.11,0.04,0.03,19.631,0.0,False,,,,,
884,demo,pursuit,grassland,Sample A,-4.706,-4.768,-0.002,35.28,0.75,3.927,0.0,-0.002,-0.11,0.04,0.03,19.631,0.0,False,,,,,
885,demo,pursuit,grassland,Sample A,-4.697,-4.762,-0.002,35.28,0.75,3.916,0.0,-0.002,-0.11,0.04,0.03,19.631,0.0,False,,,,,
886,demo,pursuit,grassland,Sample A,-4.686,-4.755,-0.002,35.28,0.75,3.903,0.0,-0.002,-0.11,0.04,0.03,19.631,0.0,False,,,,,
887,demo,pursuit,grassland,Sample A,-4.676,-4.747,-0.002,35.28,0.75,3.891,0.0,-0.002,-0.11,0.04,0.03,19.631,0.0,False,,,,,
888,demo,pursuit,grassland,Sample A,-4.666,-4.74,-0.002,35.28,0.75,3.878,0.0,-0.002,-0.11,0.04,0.03,19.631,0.0,False,,,,,
889,demo,pursuit,grassland,Sample A,-4.655,-4.733,-0.002,35.28,0.75,3.865,0.0,-0.002,-0.11,0.04,0.03,19.631,0.0,False,,,,,
890,demo,pursuit,grassland,Sample A,-4.646,-4.726,-0.002,35.28,0.75,3.853,0.0,-0.002,-0.11,0.04,0.03,19.631,0.0,False,,,,,
891,demo,pursuit,grassland,Sample A,-4.635,-4.719,-0.002,35.28,0.75,3.841,0.0,-0.002,-0.11,0.04,0.03,19.631,0.0,False,,,,,
892,demo,pursuit,grassland,Sample A,-4.625,-4.711,-0.002,35.28,0.75,3.829,0.0,-0.002,-0.11,0.04,0.03,19.631,0.0,False,,,,,
893,demo,pursuit,grassland,Sample A,-4.615,-4.704,-0.002,35.28,0.75,3.816,0.0,-0.002,-0.11,0.04,0.03,19.631,0.0,False,,,,,
894,demo,pursuit,grassland,Sample A,-4.605,-4.697,-0.002,35.28,0.75,3.803,0.0,-0.002,-0.11,0.04,0.03,19.631,0.0,False,,,,,
895,demo,pursuit,grassland,Sample A,-4.595,-4.69,-0.002,35.28,0.75,3.791,0.0,-0.002,-0.11,0.04,0.03,19.631,0.0,False,,,,,
896,demo,pursuit,grassland,Sample A,-4.584,-4.682,-0.002,35.28,0.75,3.779,0.0,-0.002,-0.11,0.04,0.03,19.631,0.0,False,,,,,
897,demo,pursuit,grassland,Sample A,-4.574,-4.675,-0.002,35.28,0.75,3.766,0.0,-0.002,-0.11,0.04,0.03,19.631,0.0,False,,,,,
898,demo,pursuit,grassland,Sample A,-4.564,-4.668,-0.002,35.28,0.75,3.754,0.0,-0.002,-0.11,0.04,0.03,19.631,0.0,False,,,,,
899,demo,pursuit,grassland,Sample A,-4.554,-4.661,-0.002,35.28,0.75,3.741,0.0,-0.002,-0.11,0.04,0.03,19.631,0.0,False,,,,,
900,demo,pursuit,grassland,Sample A,-4.544,-4.654,-0.002,35.28,0.75,3.729,0.0,-0.002,-0.11,0.04,0.03,19.631,0.0,False,,,,,
901,demo,pursuit,grassland,Sample A,-4.533,-4.646,-0.002,35.28,0.75,3.716,0.0,-0.002,-0.11,0.04,0.03,19.631,0.0,False,,,,,
902,demo,pursuit,grassland,Sample A,-4.523,-4.639,-0.002,35.28,0.75,3.703,0.0,-0.002,-0.11,0.04,0.03,19.631,0.0,False,,,,,
903,demo,pursuit,grassland,Sample A,-4.513,-4.632,-0.002,35.28,0.75,3.691,0.0,-0.002,-0.11,0.04,0.03,19.631,0.0,False,,,,,
904,demo,pursuit,grassland,Sample A,-4.502,-4.624,-0.002,35.28,0.75,3.678,0.0,-0.002,-0.11,0.04,0.03,19.631,0.0,False,,,,,
905,demo,pursuit,grassland,Sample A,-4.493,-4.617,-0.002,35.28,0.75,3.666,0.0,-0.002,-0.11,0.04,0.03,19.631,0.0,False,,,,,
906,demo,pursuit,grassland,Sample A,-4.482,-4.61,-0.002,35.28,0.75,3.653,0.0,-0.002,-0.11,0.04,0.03,19.631,0.0,False,,,,,
907,demo,pursuit,grassland,Sample A,-4.472,-4.603,-0.002,35.28,0.75,3.641,0.0,-0.002,-0.11,0.04,0.03,19.631,0.0,False,,,,,
908,demo,pursuit,grassland,Sample A,-4.462,-4.596,-0.001,35.28,0.75,3.628,0.0,-0.001,-0.11,0.04,0.03,19.631,0.0,False,,,,,
909,demo,pursuit,grassland,Sample A,-4.452,-4.589,-0.001,35.28,0.75,3.616,0.0,-0.001,-0.11,0.04,0.03,19.631,0.0,False,,,,,
910,demo,pursuit,grassland,Sample A,-4.441,-4.581,-0.001,35.28,0.75,3.603,0.0,-0.001,-0.12,0.04,0.03,19.631,0.0,False,,,,,
911,demo,pursuit,grassland,Sample A,-4.432,-4.574,-0.001,35.28,0.75,3.591,0.0,-0.001,-0.12,0.04,0.03,19.631,0.0,False,,,,,
912,demo,pursuit,grassland,Sample A,-4.42,-4.566,-0.001,35.28,0.75,3.578,0.0,-0.001,-0.12,0.04,0.03,19.631,0.0,False,,,,,
913,demo,pursuit,grassland,Sample A,-4.411,-4.56,-0.001,35.28,0.75,3.566,0.0,-0.001,-0.12,0.04,0.03,19.632,0.0,False,,,,,
914,demo,pursuit,grassland,Sample A,-4.401,-4.553,-0.001,35.28,0.75,3.554,0.0,-0.001,-0.12,0.05,0.03,19.632,0.0,False,,,,,
915,demo,pursuit,grassland,Sample A,-4.39,-4.545,-0.001,35.28,0.75,3.541,0.0,-0.001,-0.12,0.05,0.03,19.632,0.0,False,,,,,
916,demo,pursuit,grassland,Sample A,-4.38,-4.538,-0.001,35.28,0.75,3.528,0.0,-0.001,-0.12,0.05,0.03,19.632,0.0,False,,,,,
917,demo,pursuit,grassland,Sample A,-4.37,-4.531,-0.001,35.28,0.75,3.516,0.0,-0.001,-0.12,0.05,0.03,19.632,0.0,False,,,,,
918,demo,pursuit,grassland,Sample A,-4.36,-4.524,-0.001,35.28,0.75,3.504,0.0,-0.001,-0.12,0.05,0.03,19.632,0.0,False,,,,,
919,demo,pursuit,grassland,Sample A,-4.35,-4.517,-0.001,35.28,0.75,3.491,0.0,-0.001,-0.12,0.05,0.03,19.632,0.0,False,,,,,
920,demo,pursuit,grassland,Sample A,-4.339,-4.509,-0.001,35.28,0.75,3.478,0.0,-0.001,-0.12,0.05,0.03,19.632,0.0,False,,,,,
921,demo,pursuit,grassland,Sample A,-4.329,-4.502,-0.001,35.28,0.75,3.465,0.0,-0.001,-0.12,0.05,0.03,19.632,0.0,False,,,,,
922,demo,pursuit,grassland,Sample A,-4.319,-4.495,-0.001,35.28,0.75,3.454,0.0,-0.001,-0.12,0.05,0.03,19.632,0.0,False,,,,,
923,demo,pursuit,grassland,Sample A,-4.309,-4.488,-0.001,35.28,0.75,3.441,0.0,-0.001,-0.12,0.05,0.03,19.632,0.0,False,,,,,
924,demo,pursuit,grassland,Sample A,-4.298,-4.48,-0.001,35.28,0.75,3.428,0.0,-0.001,-0.12,0.05,0.03,19.632,0.0,False,,,,,
925,demo,pursuit,grassland,Sample A,-4.288,-4.473,-0.001,35.28,0.75,3.416,0.0,-0.001,-0.12,0.05,0.03,19.632,0.0,False,,,,,
926,demo,pursuit,grassland,Sample A,-4.278,-4.466,-0.001,35.28,0.75,3.403,0.0,-0.001,-0.12,0.05,0.03,19.632,0.0,False,,,,,
927,demo,pursuit,grassland,Sample A,-4.268,-4.459,-0.001,35.28,0.75,3.391,0.0,-0.001,-0.12,0.05,0.03,19.632,0.0,False,,,,,
928,demo,pursuit,grassland,Sample A,-4.258,-4.451,-0.001,35.28,0.75,3.378,0.0,-0.001,-0.12,0.05,0.03,19.632,0.0,False,,,,,
929,demo,pursuit,grassland,Sample A,-4.248,-4.444,-0.001,35.28,0.75,3.366,0.0,-0.001,-0.12,0.05,0.03,19.632,0.0,False,,,,,
930,demo,pursuit,grassland,Sample A,-4.238,-4.437,-0.001,35.28,0.75,3.354,0.0,-0.001,-0.12,0.05,0.03,19.632,0.0,False,,,,,
931,demo,pursuit,grassland,Sample A,-4.227,-4.43,-0.001,35.28,0.75,3.341,0.0,-0.001,-0.12,0.05,0.03,19.632,0.0,False,,,,,
932,demo,pursuit,grassland,Sample A,-4.217,-4.422,-0.001,35.28,0.75,3.328,0.0,-0.001,-0.12,0.05,0.03,19.632,0.0,False,,,,,
933,demo,pursuit,grassland,Sample A,-4.207,-4.415,-0.001,35.28,0.75,3.316,0.0,-0.001,-0.12,0.05,0.03,19.632,0.0,False,,,,,
934,demo,pursuit,grassland,Sample A,-4.197,-4.408,-0.001,35.28,0.75,3.303,0.0,-0.001,-0.12,0.05,0.03,19.632,0.0,False,,,,,
935,demo,pursuit,grassland,Sample A,-4.187,-4.401,-0.001,35.28,0.75,3.291,0.0,-0.001,-0.12,0.05,0.03,19.632,0.0,False,,,,,
936,demo,pursuit,grassland,Sample A,-4.176,-4.394,-0.001,35.28,0.75,3.279,0.0,-0.001,-0.12,0.05,0.03,19.632,0.0,False,,,,,
937,demo,pursuit,grassland,Sample A,-4.166,-4.386,-0.001,35.28,0.75,3.266,0.0,-0.001,-0.12,0.05,0.03,19.632,0.0,False,,,,,
938,demo,pursuit,grassland,Sample A,-4.155,-4.379,-0.001,35.28,0.75,3.253,0.0,-0.001,-0.12,0.05,0.03,19.632,0.0,False,,,,,
939,demo,pursuit,grassland,Sample A,-4.145,-4.372,-0.001,35.28,0.75,3.241,0.0,-0.001,-0.12,0.05,0.03,19.632,0.0,False,,,,,
940,demo,pursuit,grassland,Sample A,-4.135,-4.364,-0.001,35.28,0.75,3.228,0.0,-0.001,-0.12,0.05,0.03,19.632,0.0,False,,,,,
941,demo,pursuit,grassland,Sample A,-4.125,-4.358,-0.001,35.28,0.75,3.216,0.0,-0.001,-0.12,0.05,0.03,19.632,0.0,False,,,,,
942,demo,pursuit,grassland,Sample A,-4.115,-4.35,-0.001,35.28,0.75,3.203,0.0,-0.001,-0.12,0.05,0.03,19.632,0.0,False,,,,,
943,demo,pursuit,grassland,Sample A,-4.104,-4.343,-0.001,35.28,0.75,3.191,0.0,-0.001,-0.13,0.05,0.03,19.632,0.0,False,,,,,
944,demo,pursuit,grassland,Sample A,-4.095,-4.336,-0.0,35.28,0.75,3.178,0.0,-0.0,-0.13,0.05,0.03,19.632,0.0,False,,,,,
945,demo,pursuit,grassland,Sample A,-4.084,-4.328,-0.0,35.28,0.75,3.165,0.0,-0.0,-0.13,0.05,0.03,19.632,0.0,False,,,,,
946,demo,pursuit,grassland,Sample A,-4.074,-4.321,-0.0,35.28,0.75,3.153,0.0,-0.0,-0.13,0.05,0.03,19.632,0.0,False,,,,,
947,demo,pursuit,grassland,Sample A,-4.064,-4.314,-0.0,35.28,0.75,3.141,0.0,-0.0,-0.13,0.05,0.03,19.632,0.0,False,,,,,
948,demo,pursuit,grassland,Sample A,-4.054,-4.307,-0.0,35.28,0.75,3.128,0.0,-0.0,-0.13,0.05,0.03,19.632,0.0,False,,,,,
949,demo,pursuit,grassland,Sample A,-4.043,-4.3,-0.0,35.28,0.75,3.116,0.0,-0.0,-0.13,0.05,0.03,19.632,0.0,False,,,,,
950,demo,pursuit,grassland,Sample A,-4.033,-4.292,-0.0,35.28,0.75,3.103,0.0,-0.0,-0.13,0.05,0.03,19.632,0.0,False,,,,,
951,demo,pursuit,grassland,Sample A,-4.023,-4.285,-0.0,35.28,0.75,3.091,0.0,-0.0,-0.13,0.05,0.03,19.632,0.0,False,,,,,
952,demo,pursuit,grassland,Sample A,-4.013,-4.278,-0.0,35.28,0.75,3.079,0.0,-0.0,-0.13,0.05,0.03,19.632,0.0,False,,,,,
953,demo,pursuit,grassland,Sample A,-4.002,-4.271,-0.0,35.28,0.75,3.065,0.0,-0.0,-0.13,0.05,0.03,19.632,0.0,False,,,,,
954,demo,pursuit,grassland,Sample A,-3.992,-4.263,-0.0,35.28,0.75,3.053,0.0,-0.0,-0.13,0.05,0.03,19.632,0.0,False,,,,,
955,demo,pursuit,grassland,Sample A,-3.982,-4.256,-0.0,35.28,0.75,3.04,0.0,-0.0,-0.13,0.05,0.03,19.632,0.0,False,,,,,
956,demo,pursuit,grassland,Sample A,-3.971,-4.249,-0.0,35.28,0.75,3.028,0.0,-0.0,-0.13,0.05,0.03,19.632,0.0,False,,,,,
957,demo,pursuit,grassland,Sample A,-3.961,-4.241,-0.0,35.28,0.75,3.015,0.0,-0.0,-0.13,0.05,0.03,19.632,0.0,False,,,,,
958,demo,pursuit,grassland,Sample A,-3.951,-4.234,-0.0,35.28,0.75,3.003,0.0,-0.0,-0.13,0.05,0.03,19.632,0.0,False,,,,,
959,demo,pursuit,grassland,Sample A,-3.941,-4.227,-0.0,35.28,0.75,2.99,0.0,-0.0,-0.13,0.05,0.03,19.632,0.0,False,,,,,
960,demo,pursuit,grassland,Sample A,-3.931,-4.22,-0.0,35.28,0.75,2.978,0.0,-0.0,-0.13,0.05,0.03,19.632,0.0,False,,,,,
961,demo,pursuit,grassland,Sample A,-3.92,-4.212,0.0,35.28,0.75,2.965,0.0,0.0,-0.13,0.05,0.03,19.632,0.0,False,,,,,
962,demo,pursuit,grassland,Sample A,-3.911,-4.206,0.0,35.28,0.75,2.953,0.0,0.0,-0.13,0.05,0.03,19.632,0.0,False,,,,,
963,demo,pursuit,grassland,Sample A,-3.901,-4.199,0.0,35.28,0.75,2.941,0.0,0.0,-0.13,0.05,0.03,19.632,0.0,False,,,,,
964,demo,pursuit,grassland,Sample A,-3.889,-4.191,0.0,35.28,0.75,2.927,0.0,0.0,-0.13,0.05,0.03,19.632,0.0,False,,,,,
965,demo,pursuit,grassland,Sample A,-3.88,-4.184,0.0,35.28,0.75,2.915,0.0,0.0,-0.13,0.05,0.03,19.632,0.0,False,,,,,
966,demo,pursuit,grassland,Sample A,-3.869,-4.176,0.0,35.28,0.75,2.902,0.0,0.0,-0.13,0.06,0.03,19.632,0.0,False,,,,,
967,demo,pursuit,grassland,Sample A,-3.86,-4.17,0.0,35.28,0.75,2.891,0.0,0.0,-0.13,0.06,0.03,19.632,0.0,False,,,,,
968,demo,pursuit,grassland,Sample A,-3.85,-4.163,0.0,35.28,0.75,2.879,0.0,0.0,-0.13,0.06,0.03,19.632,0.0,False,,,,,
969,demo,pursuit,grassland,Sample A,-3.84,-4.155,0.0,35.28,0.75,2.866,0.0,0.0,-0.13,0.06,0.03,19.633,0.0,False,,,,,
970,demo,pursuit,grassland,Sample A,-3.83,-4.148,0.0,35.28,0.75,2.854,0.0,0.0,-0.13,0.06,0.03,19.633,0.0,False,,,,,
971,demo,pursuit,grassland,Sample A,-3.819,-4.141,0.0,35.28,0.75,2.841,0.0,0.0,-0.13,0.06,0.03,19.633,0.0,False,,,,,
972,demo,pursuit,grassland,Sample A,-3.809,-4.134,0.0,35.28,0.75,2.828,0.0,0.0,-0.13,0.06,0.03,19.633,0.0,False,,,,,
973,demo,pursuit,grassland,Sample A,-3.799,-4.127,0.0,35.28,0.75,2.816,0.0,0.0,-0.13,0.06,0.03,19.633,0.0,False,,,,,
974,demo,pursuit,grassland,Sample A,-3.789,-4.119,0.0,35.28,0.75,2.804,0.0,0.0,-0.13,0.06,0.03,19.633,0.0,False,,,,,
975,demo,pursuit,grassland,Sample A,-3.779,-4.112,0.0,35.28,0.75,2.791,0.0,0.0,-0.13,0.06,0.03,19.633,0.0,False,,,,,
976,demo,pursuit,grassland,Sample A,-3.768,-4.105,0.0,35.28,0.75,2.779,0.0,0.0,-0.13,0.06,0.03,19.633,0.0,False,,,,,
977,demo,pursuit,grassland,Sample A,-3.758,-4.098,0.0,35.28,0.75,2.766,0.0,0.0,-0.14,0.06,0.03,19.633,0.0,False,,,,,
978,demo,pursuit,grassland,Sample A,-3.748,-4.09,0.001,35.28,0.75,2.753,0.0,0.001,-0.14,0.06,0.03,19.633,0.0,False,,,,,
979,demo,pursuit,grassland,Sample A,-3.737,-4.083,0.001,35.28,0.75,2.741,0.0,0.001,-0.14,0.06,0.03,19.633,0.0,False,,,,,
980,demo,pursuit,grassland,Sample A,-3.727,-4.076,0.001,35.28,0.75,2.728,0.0,0.001,-0.14,0.06,0.03,19.633,0.0,False,,,,,
981,demo,pursuit,grassland,Sample A,-3.717,-4.069,0.001,35.28,0.75,2.716,0.0,0.001,-0.14,0.06,0.03,19.633,0.0,False,,,,,
982,demo,pursuit,grassland,Sample A,-3.707,-4.062,0.001,35.28,0.75,2.704,0.0,0.001,-0.14,0.06,0.03,19.633,0.0,False,,,,,
983,demo,pursuit,grassland,Sample A,-3.697,-4.055,0.001,35.28,0.75,2.691,0.0,0.001,-0.14,0.06,0.03,19.633,0.0,False,,,,,
984,demo,pursuit,grassland,Sample A,-3.687,-4.047,0.001,35.28,0.75,2.679,0.0,0.001,-0.14,0.06,0.03,19.633,0.0,False,,,,,
985,demo,pursuit,grassland,Sample A,-3.676,-4.04,0.001,35.28,0.75,2.666,0.0,0.001,-0.14,0.06,0.03,19.633,0.0,False,,,,,
986,demo,pursuit,grassland,Sample A,-3.666,-4.033,0.001,35.28,0.75,2.654,0.0,0.001,-0.14,0.06,0.03,19.633,0.0,False,,,,,
987,demo,pursuit,grassland,Sample A,-3.656,-4.026,0.001,35.28,0.75,2.641,0.0,0.001,-0.14,0.06,0.03,19.633,0.0,False,,,,,
988,demo,pursuit,grassland,Sample A,-3.645,-4.018,0.001,35.28,0.75,2.628,0.0,0.001,-0.14,0.06,0.03,19.633,0.0,False,,,,,
989,demo,pursuit,grassland,Sample A,-3.636,-4.011,0.001,35.28,0.75,2.616,0.0,0.001,-0.14,0.06,0.03,19.633,0.0,False,,,,,
990,demo,pursuit,grassland,Sample A,-3.625,-4.004,0.001,35.28,0.75,2.603,0.0,0.001,-0.14,0.06,0.03,19.633,0.0,False,,,,,
991,demo,pursuit,grassland,Sample A,-3.615,-3.997,0.001,35.28,0.75,2.591,0.0,0.001,-0.14,0.06,0.03,19.633,0.0,False,,,,,
992,demo,pursuit,grassland,Sample A,-3.605,-3.99,0.001,35.28,0.75,2.579,0.0,0.001,-0.14,0.06,0.03,19.633,0.0,False,,,,,
993,demo,pursuit,grassland,Sample A,-3.595,-3.983,0.001,35.28,0.75,2.567,0.0,0.001,-0.14,0.06,0.03,19.633,0.0,False,,,,,
994,demo,pursuit,grassland,Sample A,-3.585,-3.975,0.001,35.28,0.75,2.554,0.0,0.001,-0.14,0.06,0.03,19.633,0.0,False,,,,,
995,demo,pursuit,grassland,Sample A,-3.574,-3.968,0.001,35.28,0.75,2.541,0.0,0.001,-0.14,0.06,0.03,19.633,0.0,False,,,,,
996,demo,pursuit,grassland,Sample A,-3.564,-3.96,0.001,35.28,0.75,2.528,0.0,0.001,-0.14,0.06,0.03,19.633,0.0,False,,,,,
997,demo,pursuit,grassland,Sample A,-3.554,-3.953,0.001,35.28,0.75,2.516,0.0,0.001,-0.14,0.06,0.03,19.633,0.0,False,,,,,
998,demo,pursuit,grassland,Sample A,-3.544,-3.946,0.001,35.28,0.75,2.504,0.0,0.001,-0.14,0.06,0.03,19.633,0.0,False,,,,,
999,demo,pursuit,grassland,Sample A,-3.534,-3.939,0.001,35.28,0.75,2.491,0.0,0.001,-0.14,0.06,0.03,19.633,0.0,False,,,,,
1000,demo,pursuit,grassland,Sample A,-3.524,-3.932,0.001,35.28,0.747,2.479,0.0,0.001,-0.14,0.06,0.03,19.614,0.0,False,,,,,
1001,demo,pursuit,grassland,Sample A,-3.514,-3.925,0.001,35.28,0.743,2.467,0.0,0.001,-0.14,0.06,0.03,19.586,0.0,False,,,,,
1002,demo,pursuit,grassland,Sample A,-3.504,-3.918,0.001,35.28,0.74,2.454,0.0,0.001,-0.14,0.06,0.03,19.559,0.0,False,,,,,
1003,demo,pursuit,grassland,Sample A,-3.494,-3.911,0.001,35.28,0.736,2.442,0.0,0.001,-0.14,0.06,0.03,19.531,0.0,False,,,,,
1004,demo,pursuit,grassland,Sample A,-3.483,-3.903,0.001,35.28,0.732,2.429,0.0,0.001,-0.14,0.06,0.03,19.504,0.0,False,,,,,
1005,demo,pursuit,grassland,Sample A,-3.473,-3.896,0.001,35.28,0.728,2.417,0.0,0.001,-0.14,0.06,0.03,19.474,0.0,False,,,,,
1006,demo,pursuit,grassland,Sample A,-3.464,-3.889,0.001,35.28,0.725,2.405,0.0,0.001,-0.14,0.06,0.03,19.447,0.0,False,,,,,
1007,demo,pursuit,grassland,Sample A,-3.454,-3.882,0.001,35.28,0.721,2.393,0.0,0.001,-0.14,0.06,0.03,19.421,0.0,False,,,,,
1008,demo,pursuit,grassland,Sample A,-3.443,-3.875,0.001,35.28,0.718,2.38,0.0,0.001,-0.14,0.06,0.03,19.393,0.0,False,,,,,
1009,demo,pursuit,grassland,Sample A,-3.434,-3.869,0.002,35.28,0.714,2.369,0.0,0.002,-0.14,0.06,0.03,19.363,0.0,False,,,,,
1010,demo,pursuit,grassland,Sample A,-3.424,-3.862,0.002,35.28,0.71,2.357,0.0,0.002,-0.14,0.06,0.03,19.339,0.0,False,,,,,
1011,demo,pursuit,grassland,Sample A,-3.415,-3.855,0.002,35.28,0.707,2.346,0.0,0.002,-0.14,0.06,0.03,19.312,0.0,False,,,,,
1012,demo,pursuit,grassland,Sample A,-3.406,-3.848,0.002,35.28,0.703,2.334,0.0,0.002,-0.14,0.06,0.03,19.287,0.0,False,,,,,
1013,demo,pursuit,grassland,Sample A,-3.395,-3.841,0.002,35.28,0.7,2.322,0.0,0.002,-0.14,0.06,0.03,19.261,0.0,False,,,,,
1014,demo,pursuit,grassland,Sample A,-3.386,-3.835,0.002,35.28,0.696,2.311,0.0,0.002,-0.15,0.06,0.03,19.233,0.0,False,,,,,
1015,demo,pursuit,grassland,Sample A,-3.377,-3.828,0.002,35.28,0.693,2.299,0.0,0.002,-0.15,0.06,0.03,19.207,0.0,False,,,,,
1016,demo,pursuit,grassland,Sample A,-3.368,-3.822,0.002,35.28,0.689,2.288,0.0,0.002,-0.15,0.06,0.03,19.182,0.0,False,,,,,
1017,demo,pursuit,grassland,Sample A,-3.358,-3.815,0.002,35.28,0.686,2.276,0.0,0.002,-0.15,0.06,0.03,19.157,0.0,False,,,,,
1018,demo,pursuit,grassland,Sample A,-3.349,-3.808,0.002,35.28,0.683,2.265,0.0,0.002,-0.15,0.06,0.03,19.13,0.0,False,,,,,
1019,demo,pursuit,grassland,Sample A,-3.34,-3.802,0.002,35.28,0.679,2.254,0.0,0.002,-0.15,0.06,0.03,19.105,0.0,False,,,,,
1020,demo,pursuit,grassland,Sample A,-3.33,-3.795,0.002,35.28,0.676,2.242,0.0,0.002,-0.15,0.06,0.03,19.08,0.0,False,,,,,
1021,demo,pursuit,grassland,Sample A,-3.321,-3.788,0.002,35.28,0.672,2.231,0.0,0.002,-0.15,0.06,0.03,19.052,0.0,False,,,,,
1022,demo,pursuit,grassland,Sample A,-3.312,-3.782,0.002,35.28,0.669,2.22,0.0,0.002,-0.15,0.07,0.03,19.028,0.0,False,,,,,
1023,demo,pursuit,grassland,Sample A,-3.303,-3.776,0.002,35.28,0.666,2.209,0.0,0.002,-0.15,0.07,0.03,19.003,0.0,False,,,,,
1024,demo,pursuit,grassland,Sample A,-3.295,-3.77,0.002,35.28,0.662,2.198,0.0,0.002,-0.15,0.07,0.03,18.979,0.0,False,,,,,
1025,demo,pursuit,grassland,Sample A,-3.285,-3.763,0.002,35.28,0.659,2.187,0.0,0.002,-0.15,0.07,0.03,18.955,0.0,False,,,,,
1026,demo,pursuit,grassland,Sample A,-3.276,-3.757,0.002,35.28,0.656,2.176,0.0,0.002,-0.15,0.07,0.03,18.929,0.0,False,,,,,
1027,demo,pursuit,grassland,Sample A,-3.268,-3.751,0.002,35.28,0.653,2.165,0.0,0.002,-0.15,0.07,0.03,18.905,0.0,False,,,,,
1028,demo,pursuit,grassland,Sample A,-3.259,-3.745,0.002,35.28,0.649,2.155,0.0,0.002,-0.15,0.07,0.03,18.881,0.0,False,,,,,
1029,demo,pursuit,grassland,Sample A,-3.25,-3.738,0.002,35.28,0.646,2.144,0.0,0.002,-0.15,0.07,0.03,18.857,0.0,False,,,,,
1030,demo,pursuit,grassland,Sample A,-3.241,-3.732,0.002,35.28,0.643,2.133,0.0,0.002,-0.15,0.07,0.03,18.832,0.0,False,,,,,
1031,demo,pursuit,grassland,Sample A,-3.232,-3.726,0.002,35.28,0.639,2.122,0.0,0.002,-0.15,0.07,0.03,18.808,0.0,False,,,,,
1032,demo,pursuit,grassland,Sample A,-3.224,-3.72,0.002,35.28,0.636,2.111,0.0,0.002,-0.15,0.07,0.03,18.784,0.0,False,,,,,
1033,demo,pursuit,grassland,Sample A,-3.215,-3.714,0.002,35.28,0.633,2.101,0.0,0.002,-0.15,0.07,0.03,18.76,0.0,False,,,,,
1034,demo,pursuit,grassland,Sample A,-3.206,-3.707,0.002,35.28,0.63,2.09,0.0,0.002,-0.15,0.07,0.03,18.737,0.0,False,,,,,
1035,demo,pursuit,grassland,Sample A,-3.198,-3.701,0.002,35.28,0.627,2.08,0.0,0.002,-0.15,0.07,0.03,18.711,0.0,False,,,,,
1036,demo,pursuit,grassland,Sample A,-3.189,-3.695,0.002,35.28,0.624,2.069,0.0,0.002,-0.15,0.07,0.03,18.688,0.0,False,,,,,
1037,demo,pursuit,grassland,Sample A,-3.181,-3.689,0.002,35.28,0.62,2.059,0.0,0.002,-0.15,0.07,0.03,18.664,0.0,False,,,,,
1038,demo,pursuit,grassland,Sample A,-3.172,-3.683,0.002,35.28,0.617,2.049,0.0,0.002,-0.15,0.07,0.03,18.641,0.0,False,,,,,
1039,demo,pursuit,grassland,Sample A,-3.164,-3.677,0.002,35.28,0.614,2.038,0.0,0.002,-0.15,0.07,0.03,18.618,0.0,False,,,,,
1040,demo,pursuit,grassland,Sample A,-3.156,-3.672,0.002,35.28,0.611,2.028,0.0,0.002,-0.15,0.07,0.03,18.595,0.0,False,,,,,
1041,demo,pursuit,grassland,Sample A,-3.148,-3.666,0.002,35.28,0.608,2.018,0.0,0.002,-0.15,0.07,0.03,18.573,0.0,False,,,,,
1042,demo,pursuit,grassland,Sample A,-3.14,-3.66,0.003,35.28,0.605,2.008,0.0,0.003,-0.15,0.07,0.03,18.55,0.0,False,,,,,
1043,demo,pursuit,grassland,Sample A,-3.131,-3.654,0.003,35.28,0.602,1.998,0.0,0.003,-0.15,0.07,0.03,18.528,0.0,False,,,,,
1044,demo,pursuit,grassland,Sample A,-3.123,-3.649,0.003,35.28,0.599,1.988,0.0,0.003,-0.15,0.07,0.03,18.506,0.0,False,,,,,
1045,demo,pursuit,grassland,Sample A,-3.115,-3.643,0.003,35.28,0.596,1.979,0.0,0.003,-0.15,0.07,0.03,18.483,0.0,False,,,,,
1046,demo,pursuit,grassland,Sample A,-3.107,-3.637,0.003,35.28,0.593,1.968,0.0,0.003,-0.15,0.07,0.03,18.461,0.0,False,,,,,
1047,demo,pursuit,grassland,Sample A,-3.099,-3.631,0.003,35.28,0.59,1.959,0.0,0.003,-0.15,0.07,0.03,18.438,0.0,False,,,,,
1048,demo,pursuit,grassland,Sample A,-3.091,-3.626,0.003,35.28,0.587,1.949,0.0,0.003,-0.15,0.07,0.03,18.416,0.0,False,,,,,
1049,demo,pursuit,grassland,Sample A,-3.083,-3.62,0.003,35.28,0.584,1.939,0.0,0.003,-0.15,0.07,0.03,18.394,0.0,False,,,,,
1050,demo,pursuit,grassland,Sample A,-3.075,-3.615,0.003,35.28,0.581,1.93,0.0,0.003,-0.15,0.07,0.03,18.372,0.0,False,,,,,
1051,demo,pursuit,grassland,Sample A,-3.067,-3.608,0.003,35.28,0.579,1.919,0.0,0.003,-0.15,0.07,0.03,18.351,0.0,False,,,,,
1052,demo,pursuit,grassland,Sample A,-3.059,-3.603,0.003,35.28,0.575,1.91,0.0,0.003,-0.15,0.07,0.03,18.327,0.0,False,,,,,
1053,demo,pursuit,grassland,Sample A,-3.051,-3.598,0.003,35.28,0.573,1.9,0.0,0.003,-0.15,0.07,0.03,18.308,0.0,False,,,,,
1054,demo,pursuit,grassland,Sample A,-3.044,-3.593,0.003,35.28,0.57,1.891,0.0,0.003,-0.15,0.07,0.03,18.286,0.0,False,,,,,
1055,demo,pursuit,grassland,Sample A,-3.036,-3.587,0.003,35.28,0.567,1.882,0.0,0.003,-0.15,0.07,0.03,18.265,0.0,False,,,,,
1056,demo,pursuit,grassland,Sample A,-3.029,-3.582,0.003,35.28,0.564,1.873,0.0,0.003,-0.15,0.07,0.03,18.244,0.0,False,,,,,
1057,demo,pursuit,grassland,Sample A,-3.021,-3.576,0.003,35.28,0.561,1.863,0.0,0.003,-0.15,0.07,0.03,18.223,0.0,False,,,,,
1058,demo,pursuit,grassland,Sample A,-3.013,-3.571,0.003,35.28,0.559,1.854,0.0,0.003,-0.15,0.07,0.03,18.202,0.0,False,,,,,
1059,demo,pursuit,grassland,Sample A,-3.006,-3.565,0.003,35.28,0.556,1.844,0.0,0.003,-0.15,0.07,0.03,18.181,0.0,False,,,,,
1060,demo,pursuit,grassland,Sample A,-2.998,-3.56,0.003,35.28,0.553,1.835,0.0,0.003,-0.15,0.07,0.03,18.16,0.0,False,,,,,
1061,demo,pursuit,grassland,Sample A,-2.991,-3.555,0.003,35.28,0.55,1.826,0.0,0.003,-0.16,0.07,0.03,18.139,0.0,False,,,,,
1062,demo,pursuit,grassland,Sample A,-2.983,-3.55,0.003,35.28,0.548,1.817,0.0,0.003,-0.16,0.07,0.03,18.119,0.0,False,,,,,
1063,demo,pursuit,grassland,Sample A,-2.976,-3.544,0.003,35.28,0.545,1.808,0.0,0.003,-0.16,0.07,0.03,18.098,0.0,False,,,,,
1064,demo,pursuit,grassland,Sample A,-2.969,-3.539,0.003,35.28,0.542,1.799,0.0,0.003,-0.16,0.07,0.03,18.078,0.0,False,,,,,
1065,demo,pursuit,grassland,Sample A,-2.961,-3.534,0.003,35.28,0.539,1.79,0.0,0.003,-0.16,0.07,0.03,18.058,0.0,False,,,,,
1066,demo,pursuit,grassland,Sample A,-2.954,-3.529,0.003,35.28,0.537,1.781,0.0,0.003,-0.16,0.07,0.03,18.037,0.0,False,,,,,
1067,demo,pursuit,grassland,Sample A,-2.946,-3.523,0.003,35.28,0.534,1.772,0.0,0.003,-0.16,0.07,0.03,18.016,0.0,False,,,,,
1068,demo,pursuit,grassland,Sample A,-2.939,-3.518,0.003,35.28,0.531,1.763,0.0,0.003,-0.16,0.07,0.03,17.997,0.0,False,,,,,
1069,demo,pursuit,grassland,Sample A,-2.932,-3.514,0.003,35.28,0.529,1.755,0.0,0.003,-0.16,0.07,0.03,17.977,0.0,False,,,,,
1070,demo,pursuit,grassland,Sample A,-2.924,-3.508,0.003,35.28,0.526,1.745,0.0,0.003,-0.16,0.07,0.03,17.958,0.0,False,,,,,
1071,demo,pursuit,grassland,Sample A,-2.918,-3.503,0.003,35.28,0.523,1.737,0.0,0.003,-0.16,0.07,0.03,17.936,0.0,False,,,,,
1072,demo,pursuit,grassland,Sample A,-2.911,-3.498,0.003,35.28,0.521,1.728,0.0,0.003,-0.16,0.07,0.03,17.918,0.0,False,,,,,
1073,demo,pursuit,grassland,Sample A,-2.903,-3.493,0.003,35.28,0.518,1.719,0.0,0.003,-0.16,0.07,0.03,17.899,0.0,False,,,,,
1074,demo,pursuit,grassland,Sample A,-2.897,-3.488,0.003,35.28,0.515,1.711,0.0,0.003,-0.16,0.07,0.03,17.878,0.0,False,,,,,
1075,demo,pursuit,grassland,Sample A,-2.89,-3.483,0.003,35.28,0.513,1.702,0.0,0.003,-0.16,0.07,0.03,17.86,0.0,False,,,,,
1076,demo,pursuit,grassland,Sample A,-2.883,-3.478,0.003,35.28,0.51,1.694,0.0,0.003,-0.16,0.07,0.03,17.84,0.0,False,,,,,
1077,demo,pursuit,grassland,Sample A,-2.876,-3.474,0.003,35.28,0.508,1.686,0.0,0.003,-0.16,0.07,0.03,17.822,0.0,False,,,,,
1078,demo,pursuit,grassland,Sample A,-2.869,-3.468,0.003,35.28,0.505,1.676,0.0,0.003,-0.16,0.07,0.03,17.803,0.0,False,,,,,
1079,demo,pursuit,grassland,Sample A,-2.862,-3.464,0.004,35.28,0.503,1.669,0.0,0.004,-0.16,0.07,0.03,17.782,0.0,False,,,,,
1080,demo,pursuit,grassland,Sample A,-2.855,-3.459,0.004,35.28,0.5,1.66,0.0,0.004,-0.16,0.07,0.03,17.765,0.0,False,,,,,
1081,demo,pursuit,grassland,Sample A,-2.849,-3.454,0.004,35.28,0.498,1.652,0.0,0.004,-0.16,0.07,0.03,17.746,0.0,False,,,,,
1082,demo,pursuit,grassland,Sample A,-2.841,-3.449,0.004,35.28,0.487,1.643,0.0,0.004,-0.16,0.07,0.03,17.662,0.0,False,,,,,
1083,demo,pursuit,grassland,Sample A,-2.835,-3.444,0.004,35.28,0.475,1.635,0.0,0.004,-0.16,0.07,0.03,17.577,0.0,False,,,,,
1084,demo,pursuit,grassland,Sample A,-2.829,-3.44,0.004,35.28,0.466,1.628,0.0,0.004,-0.16,0.07,0.03,17.51,0.0,False,,,,,
1085,demo,pursuit,grassland,Sample A,-2.823,-3.436,0.004,35.28,0.456,1.621,0.0,0.004,-0.16,0.07,0.03,17.432,0.0,False,,,,,
1086,demo,pursuit,grassland,Sample A,-2.817,-3.432,0.004,35.28,0.445,1.613,0.0,0.004,-0.16,0.07,0.03,17.352,0.0,False,,,,,
1087,demo,pursuit,grassland,Sample A,-2.811,-3.428,0.004,35.28,0.435,1.606,0.0,0.004,-0.16,0.07,0.03,17.275,0.0,False,,,,,
1088,demo,pursuit,grassland,Sample A,-2.804,-3.423,0.004,35.28,0.422,1.598,0.0,0.004,-0.16,0.07,0.03,17.181,0.0,False,,,,,
1089,demo,pursuit,grassland,Sample A,-2.8,-3.42,0.004,35.28,0.414,1.592,0.0,0.004,-0.16,0.07,0.03,17.117,0.0,False,,,,,
1090,demo,pursuit,grassland,Sample A,-2.794,-3.416,0.004,35.28,0.403,1.585,0.0,0.004,-0.16,0.07,0.03,17.035,0.0,False,,,,,
1091,demo,pursuit,grassland,Sample A,-2.789,-3.412,0.004,35.28,0.393,1.579,0.0,0.004,-0.16,0.07,0.03,16.959,0.0,False,,,,,
1092,demo,pursuit,grassland,Sample A,-2.783,-3.408,0.004,35.28,0.382,1.572,0.0,0.004,-0.16,0.07,0.03,16.877,0.0,False,,,,,
1093,demo,pursuit,grassland,Sample A,-2.778,-3.405,0.004,35.28,0.372,1.566,0.0,0.004,-0.16,0.07,0.03,16.799,0.0,False,,,,,
1094,demo,pursuit,grassland,Sample A,-2.773,-3.401,0.004,35.28,0.361,1.56,0.0,0.004,-0.16,0.07,0.03,16.721,0.0,False,,,,,
1095,demo,pursuit,grassland,Sample A,-2.769,-3.398,0.004,35.28,0.351,1.554,0.0,0.004,-0.16,0.07,0.03,16.642,0.0,False,,,,,
1096,demo,pursuit,grassland,Sample A,-2.764,-3.394,0.004,35.28,0.34,1.549,0.0,0.004,-0.16,0.07,0.03,16.564,0.0,False,,,,,
1097,demo,pursuit,grassland,Sample A,-2.76,-3.391,0.004,35.28,0.33,1.543,0.0,0.004,-0.16,0.07,0.03,16.486,0.0,False,,,,,
1098,demo,pursuit,grassland,Sample A,-2.755,-3.388,0.004,35.28,0.32,1.538,0.0,0.004,-0.16,0.07,0.03,16.409,0.0,False,,,,,
1099,demo,pursuit,grassland,Sample A,-2.751,-3.385,0.004,35.28,0.309,1.533,0.0,0.004,-0.16,0.07,0.03,16.331,0.0,False,,,,,
1100,demo,pursuit,grassland,Sample A,-2.747,-3.382,0.004,35.28,0.298,1.527,0.0,0.004,-0.16,0.07,0.03,16.246,0.0,False,,,,,
1101,demo,pursuit,grassland,Sample A,-2.743,-3.38,0.004,35.28,0.288,1.523,0.0,0.004,-0.16,0.07,0.03,16.17,0.0,False,,,,,
1102,demo,pursuit,grassland,Sample A,-2.739,-3.377,0.004,35.28,0.277,1.518,0.0,0.004,-0.16,0.07,0.03,16.093,0.0,False,,,,,
1103,demo,pursuit,grassland,Sample A,-2.736,-3.374,0.004,35.28,0.267,1.514,0.0,0.004,-0.16,0.07,0.03,16.011,0.0,False,,,,,
1104,demo,pursuit,grassland,Sample A,-2.732,-3.372,0.004,35.28,0.256,1.509,0.0,0.004,-0.16,0.07,0.03,15.933,0.0,False,,,,,
1105,demo,pursuit,grassland,Sample A,-2.729,-3.37,0.004,35.28,0.246,1.505,0.0,0.004,-0.16,0.07,0.03,15.857,0.0,False,,,,,
1106,demo,pursuit,grassland,Sample A,-2.726,-3.367,0.004,35.28,0.236,1.502,0.0,0.004,-0.16,0.07,0.03,15.779,0.0,False,,,,,
1107,demo,pursuit,grassland,Sample A,-2.723,-3.365,0.004,35.28,0.225,1.498,0.0,0.004,-0.16,0.07,0.03,15.699,0.0,False,,,,,
1108,demo,pursuit,grassland,Sample A,-2.72,-3.363,0.004,35.28,0.215,1.494,0.0,0.004,-0.16,0.07,0.03,15.622,0.0,False,,,,,
1109,demo,pursuit,grassland,Sample A,-2.717,-3.361,0.004,35.28,0.204,1.491,0.0,0.004,-0.16,0.07,0.03,15.541,0.0,False,,,,,
1110,demo,pursuit,grassland,Sample A,-2.714,-3.359,0.004,35.28,0.193,1.487,0.0,0.004,-0.16,0.07,0.03,15.457,0.0,False,,,,,
1111,demo,pursuit,grassland,Sample A,-2.712,-3.357,0.004,35.28,0.182,1.484,0.0,0.004,-0.16,0.07,0.03,15.381,0.0,False,,,,,
1112,demo,pursuit,grassland,Sample A,-2.71,-3.356,0.004,35.28,0.173,1.482,0.0,0.004,-0.16,0.07,0.03,15.307,0.0,False,,,,,
1113,demo,pursuit,grassland,Sample A,-2.707,-3.354,0.004,35.28,0.162,1.479,0.0,0.004,-0.16,0.07,0.03,15.226,0.0,False,,,,,
1114,demo,pursuit,grassland,Sample A,-2.705,-3.353,0.004,35.28,0.151,1.476,0.0,0.004,-0.16,0.07,0.03,15.147,0.0,False,,,,,
1115,demo,pursuit,grassland,Sample A,-2.703,-3.351,0.004,35.28,0.141,1.474,0.0,0.004,-0.16,0.07,0.03,15.069,0.0,False,,,,,
1116,demo,pursuit,grassland,Sample A,-2.701,-3.35,0.004,35.28,0.151,1.472,0.0,0.004,-0.16,0.08,0.03,15.147,0.0,False,,,,,
1117,demo,pursuit,grassland,Sample A,-2.699,-3.348,0.004,35.28,0.162,1.469,0.0,0.004,-0.16,0.08,0.03,15.225,0.0,False,,,,,
1118,demo,pursuit,grassland,Sample A,-2.697,-3.347,0.004,35.28,0.173,1.466,0.0,0.004,-0.16,0.08,0.03,15.31,0.0,False,,,,,
1119,demo,pursuit,grassland,Sample A,-2.694,-3.345,0.004,35.28,0.184,1.463,0.0,0.004,-0.16,0.08,0.03,15.389,0.0,False,,,,,
1120,demo,pursuit,grassland,Sample A,-2.691,-3.343,0.004,35.28,0.194,1.459,0.0,0.004,-0.16,0.08,0.03,15.469,0.0,False,,,,,
1121,demo,pursuit,grassland,Sample A,-2.689,-3.341,0.004,35.28,0.204,1.456,0.0,0.004,-0.16,0.08,0.03,15.542,0.0,False,,,,,
1122,demo,pursuit,grassland,Sample A,-2.686,-3.339,0.004,35.28,0.215,1.453,0.0,0.004,-0.16,0.08,0.03,15.623,0.0,False,,,,,
1123,demo,pursuit,grassland,Sample A,-2.683,-3.337,0.004,35.28,0.225,1.449,0.0,0.004,-0.16,0.08,0.03,15.701,0.0,False,,,,,
1124,demo,pursuit,grassland,Sample A,-2.68,-3.335,0.004,35.28,0.235,1.445,0.0,0.004,-0.16,0.08,0.03,15.778,0.0,False,,,,,
1125,demo,pursuit,grassland,Sample A,-2.676,-3.332,0.004,35.28,0.246,1.441,0.0,0.004,-0.16,0.08,0.03,15.856,0.0,False,,,,,
1126,demo,pursuit,grassland,Sample A,-2.673,-3.33,0.004,35.28,0.257,1.437,0.0,0.004,-0.16,0.08,0.03,15.938,0.0,False,,,,,
1127,demo,pursuit,grassland,Sample A,-2.669,-3.327,0.004,35.28,0.267,1.432,0.0,0.004,-0.16,0.08,0.03,16.017,0.0,False,,,,,
1128,demo,pursuit,grassland,Sample A,-2.665,-3.325,0.004,35.28,0.278,1.428,0.0,0.004,-0.16,0.08,0.03,16.094,0.0,False,,,,,
1129,demo,pursuit,grassland,Sample A,-2.661,-3.322,0.004,35.28,0.288,1.423,0.0,0.004,-0.16,0.08,0.03,16.173,0.0,False,,,,,
1130,demo,pursuit,grassland,Sample A,-2.657,-3.319,0.004,35.28,0.298,1.418,0.0,0.004,-0.16,0.08,0.03,16.25,0.0,False,,,,,
1131,demo,pursuit,grassland,Sample A,-2.653,-3.316,0.004,35.28,0.309,1.413,0.0,0.004,-0.16,0.08,0.03,16.328,0.0,False,,,,,
1132,demo,pursuit,grassland,Sample A,-2.649,-3.313,0.004,35.28,0.32,1.407,0.0,0.004,-0.16,0.08,0.03,16.409,0.0,False,,,,,
1133,demo,pursuit,grassland,Sample A,-2.644,-3.31,0.004,35.28,0.33,1.402,0.0,0.004,-0.16,0.08,0.03,16.489,0.0,False,,,,,
1134,demo,pursuit,grassland,Sample A,-2.64,-3.306,0.004,35.28,0.34,1.396,0.0,0.004,-0.16,0.08,0.03,16.566,0.0,False,,,,,
1135,demo,pursuit,grassland,Sample A,-2.635,-3.303,0.004,35.18,0.351,1.39,0.11,0.004,-0.16,0.08,0.031,16.651,0.077,False,,,,,
1136,demo,pursuit,grassland,Sample A,-2.63,-3.3,0.004,34.96,0.362,1.384,0.32,0.004,-0.16,0.08,0.031,16.745,0.232,False,,,,,
1137,demo,pursuit,grassland,Sample A,-2.625,-3.296,0.004,34.68,0.372,1.378,0.61,0.004,-0.16,0.08,0.032,16.838,0.442,False,,,,,
1138,demo,pursuit,grassland,Sample A,-2.62,-3.293,0.004,34.31,0.382,1.372,0.98,0.004,-0.16,0.08,0.033,16.938,0.717,False,,,,,
1139,demo,pursuit,grassland,Sample A,-2.614,-3.288,0.004,33.77,0.394,1.364,1.53,0.004,-0.16,0.08,0.034,17.061,1.121,False,,,,,
1140,demo,pursuit,grassland,Sample A,-2.609,-3.285,0.004,33.3,0.404,1.358,2.01,0.004,-0.16,0.08,0.035,17.16,1.479,False,,,,,
1141,demo,pursuit,grassland,Sample A,-2.603,-3.281,0.004,32.7,0.414,1.351,2.62,0.004,-0.16,0.08,0.037,17.275,1.937,False,,,,,
1142,demo,pursuit,grassland,Sample A,-2.597,-3.278,0.004,32.03,0.425,1.344,3.31,0.004,-0.16,0.08,0.039,17.397,2.46,False,,,,,
1143,demo,pursuit,grassland,Sample A,-2.591,-3.274,0.005,31.34,0.435,1.337,4.02,0.005,-0.16,0.08,0.04,17.515,3.003,False,,,,,
1144,demo,pursuit,grassland,Sample A,-2.584,-3.27,0.005,30.54,0.446,1.33,4.84,0.005,-0.16,0.08,0.042,17.647,3.643,False,,,,,
1145,demo,pursuit,grassland,Sample A,-2.578,-3.266,0.005,29.77,0.456,1.322,5.65,0.005,-0.16,0.08,0.045,17.77,4.274,False,,,,,
1146,demo,pursuit,grassland,Sample A,-2.571,-3.263,0.005,28.88,0.467,1.314,6.58,0.005,-0.16,0.08,0.047,17.907,5.002,False,,,,,
1147,demo,pursuit,grassland,Sample A,-2.564,-3.259,0.005,28.01,0.477,1.307,7.49,0.005,-0.16,0.08,0.049,18.037,5.73,False,,,,,
1148,demo,pursuit,grassland,Sample A,-2.557,-3.255,0.005,27.05,0.488,1.299,8.51,0.005,-0.17,0.08,0.052,18.18,6.554,False,,,,,
1149,demo,pursuit,grassland,Sample A,-2.549,-3.252,0.005,26.08,0.498,1.291,9.53,0.005,-0.17,0.08,0.054,18.319,7.387,False,,,,,
1150,demo,pursuit,grassland,Sample A,-2.541,-3.248,0.005,25.03,0.509,1.282,10.66,0.005,-0.17,0.08,0.057,18.468,8.317,False,,,,,
1151,demo,pursuit,grassland,Sample A,-2.533,-3.244,0.005,24.02,0.519,1.274,11.75,0.005,-0.17,0.08,0.06,18.61,9.225,False,,,,,
1152,demo,pursuit,grassland,Sample A,-2.525,-3.241,0.005,22.96,0.529,1.265,12.89,0.005,-0.17,0.08,0.063,18.757,10.191,False,,,,,
1153,demo,pursuit,grassland,Sample A,-2.517,-3.238,0.005,21.85,0.54,1.256,14.1,0.005,-0.17,0.08,0.066,18.909,11.228,False,,,,,
1154,demo,pursuit,grassland,Sample A,-2.509,-3.234,0.005,20.75,0.55,1.248,15.31,0.005,-0.17,0.08,0.069,19.059,12.275,False,,,,,
1155,demo,pursuit,grassland,Sample A,-2.499,-3.231,0.005,19.52,0.562,1.238,16.67,0.005,-0.17,0.08,0.072,19.226,13.468,False,,,,,
1156,demo,pursuit,grassland,Sample A,-2.491,-3.228,0.005,18.45,0.571,1.23,17.87,0.005,-0.17,0.08,0.075,19.37,14.531,False,,,,,
1157,demo,pursuit,grassland,Sample A,-2.481,-3.225,0.005,17.18,0.583,1.22,19.3,0.005,-0.17,0.08,0.079,19.541,15.825,False,,,,,
1158,demo,pursuit,grassland,Sample A,-2.472,-3.223,0.005,16.14,0.593,1.211,20.49,0.005,-0.17,0.08,0.082,19.687,16.924,False,,,,,
1159,demo,pursuit,grassland,Sample A,-2.462,-3.22,0.005,15.13,0.603,1.202,21.68,0.005,-0.17,0.08,0.085,19.836,18.042,False,,,,,
1160,demo,pursuit,grassland,Sample A,-2.452,-3.218,0.005,14.21,0.613,1.192,22.78,0.005,-0.17,0.08,0.087,19.979,19.107,False,,,,,
1161,demo,pursuit,grassland,Sample A,-2.442,-3.215,0.005,13.33,0.624,1.183,23.87,0.005,-0.17,0.08,0.09,20.124,20.179,False,,,,,
1162,demo,pursuit,grassland,Sample A,-2.432,-3.213,0.005,12.51,0.635,1.173,24.9,0.005,-0.17,0.08,0.093,20.266,21.23,False,,,,,
1163,demo,pursuit,grassland,Sample A,-2.421,-3.211,0.005,11.78,0.645,1.164,25.86,0.005,-0.17,0.08,0.095,20.4,22.22,False,,,,,
1164,demo,pursuit,grassland,Sample A,-2.41,-3.208,0.005,11.07,0.656,1.154,26.82,0.005,-0.17,0.08,0.097,20.539,23.249,False,,,,,
1165,demo,pursuit,grassland,Sample A,-2.399,-3.206,0.005,10.52,0.667,1.143,27.65,0.005,-0.17,0.08,0.1,20.673,24.189,False,,,,,
1166,demo,pursuit,grassland,Sample A,-2.388,-3.204,0.005,10.16,0.677,1.134,28.25,0.005,-0.17,0.08,0.101,20.782,24.916,False,,,,,
1167,demo,pursuit,grassland,Sample A,-2.377,-3.202,0.005,9.91,0.687,1.124,28.78,0.005,-0.17,0.08,0.102,20.893,25.609,False,,,,,
1168,demo,pursuit,grassland,Sample A,-2.365,-3.2,0.005,9.79,0.698,1.113,29.2,0.005,-0.17,0.08,0.103,20.998,26.224,False,,,,,
1169,demo,pursuit,grassland,Sample A,-2.354,-3.199,0.005,9.78,0.708,1.103,29.5,0.005,-0.17,0.08,0.104,21.093,26.733,False,,,,,
1170,demo,pursuit,grassland,Sample A,-2.343,-3.196,0.005,9.87,0.718,1.093,29.71,0.005,-0.17,0.08,0.105,21.183,27.174,False,,,,,
1171,demo,pursuit,grassland,Sample A,-2.329,-3.194,0.005,10.1,0.73,1.082,29.83,0.005,-0.17,0.08,0.105,21.277,27.582,False,,,,,
1172,demo,pursuit,grassland,Sample A,-2.319,-3.192,0.005,10.35,0.739,1.072,29.87,0.005,-0.17,0.08,0.105,21.349,27.86,False,,,,,
1173,demo,pursuit,grassland,Sample A,-2.306,-3.19,0.005,10.73,0.743,1.061,29.82,0.005,-0.17,0.08,0.105,21.375,28.108,False,,,,,
1174,demo,pursuit,grassland,Sample A,-2.294,-3.187,0.006,11.18,0.744,1.05,29.7,0.006,-0.17,0.08,0.105,21.372,28.283,False,,,,,
1175,demo,pursuit,grassland,Sample A,-2.282,-3.185,0.006,11.71,0.744,1.039,29.51,0.006,-0.17,0.08,0.104,21.364,28.395,False,,,,,
1176,demo,pursuit,grassland,Sample A,-2.27,-3.182,0.006,12.29,0.744,1.029,29.26,0.006,-0.17,0.08,0.104,21.352,28.446,False,,,,,
1177,demo,pursuit,grassland,Sample A,-2.258,-3.18,0.006,12.94,0.745,1.018,28.95,0.006,-0.17,0.08,0.103,21.337,28.439,False,,,,,
1178,demo,pursuit,grassland,Sample A,-2.245,-3.176,0.006,13.69,0.745,1.006,28.55,0.006,-0.17,0.08,0.102,21.316,28.37,False,,,,,
1179,demo,pursuit,grassland,Sample A,-2.234,-3.173,0.006,14.41,0.746,0.996,28.14,0.006,-0.17,0.08,0.101,21.294,28.258,False,,,,,
1180,demo,pursuit,grassland,Sample A,-2.222,-3.17,0.006,15.23,0.746,0.985,27.66,0.006,-0.17,0.08,0.1,21.267,28.087,False,,,,,
1181,demo,pursuit,grassland,Sample A,-2.21,-3.167,0.006,16.06,0.746,0.974,27.15,0.006,-0.17,0.08,0.098,21.239,27.873,False,,,,,
1182,demo,pursuit,grassland,Sample A,-2.198,-3.163,0.006,16.98,0.747,0.963,26.56,0.006,-0.17,0.08,0.097,21.206,27.595,False,,,,,
1183,demo,pursuit,grassland,Sample A,-2.186,-3.159,0.006,17.95,0.747,0.951,25.93,0.006,-0.17,0.08,0.095,21.17,27.265,False,,,,,
1184,demo,pursuit,grassland,Sample A,-2.174,-3.155,0.006,18.9,0.747,0.94,25.29,0.006,-0.17,0.08,0.094,21.133,26.906,False,,,,,
1185,demo,pursuit,grassland,Sample A,-2.162,-3.151,0.006,19.96,0.747,0.928,24.56,0.006,-0.17,0.08,0.092,21.092,26.467,False,,,,,
1186,demo,pursuit,grassland,Sample A,-2.151,-3.147,0.006,20.94,0.747,0.917,23.88,0.006,-0.17,0.08,0.09,21.052,26.031,False,,,,,
1187,demo,pursuit,grassland,Sample A,-2.139,-3.142,0.006,22.0,0.748,0.906,23.12,0.006,-0.17,0.08,0.088,21.008,25.521,False,,,,,
1188,demo,pursuit,grassland,Sample A,-2.127,-3.137,0.006,23.13,0.748,0.894,22.3,0.006,-0.17,0.08,0.086,20.96,24.944,False,,,,,
1189,demo,pursuit,grassland,Sample A,-2.116,-3.132,0.006,24.24,0.748,0.882,21.48,0.006,-0.17,0.08,0.084,20.912,24.344,False,,,,,
1190,demo,pursuit,grassland,Sample A,-2.105,-3.127,0.006,25.35,0.748,0.871,20.65,0.006,-0.17,0.08,0.082,20.863,23.704,False,,,,,
1191,demo,pursuit,grassland,Sample A,-2.093,-3.121,0.006,26.47,0.748,0.859,19.83,0.006,-0.17,0.08,0.08,20.815,23.096,False,,,,,
1192,demo,pursuit,grassland,Sample A,-2.083,-3.115,0.006,27.39,0.748,0.847,19.16,0.006,-0.17,0.08,0.078,20.776,22.617,False,,,,,
1193,demo,pursuit,grassland,Sample A,-2.072,-3.109,0.006,28.28,0.749,0.836,18.54,0.006,-0.17,0.08,0.077,20.74,22.183,False,,,,,
1194,demo,pursuit,grassland,Sample A,-2.061,-3.103,0.006,29.14,0.749,0.823,17.95,0.006,-0.17,0.08,0.075,20.705,21.803,False,,,,,
1195,demo,pursuit,grassland,Sample A,-2.05,-3.097,0.006,29.87,0.749,0.812,17.47,0.006,-0.17,0.08,0.074,20.677,21.509,False,,,,,
1196,demo,pursuit,grassland,Sample A,-2.039,-3.091,0.006,30.62,0.749,0.8,16.99,0.006,-0.17,0.08,0.073,20.649,21.249,False,,,,,
1197,demo,pursuit,grassland,Sample A,-2.029,-3.084,0.006,31.27,0.749,0.788,16.59,0.006,-0.17,0.09,0.072,20.626,21.061,False,,,,,
1198,demo,pursuit,grassland,Sample A,-2.018,-3.078,0.006,31.88,0.749,0.776,16.24,0.006,-0.17,0.09,0.071,20.605,20.928,False,,,,,
1199,demo,pursuit,grassland,Sample A,-2.007,-3.071,0.007,32.44,0.749,0.764,15.92,0.007,-0.17,0.09,0.07,20.587,20.85,False,,,,,
1200,demo,pursuit,grassland,Sample A,-1.996,-3.064,0.007,32.99,0.749,0.751,15.64,0.007,-0.17,0.09,0.07,20.571,20.827,False,,,,,
1201,demo,pursuit,grassland,Sample A,-1.987,-3.057,0.007,33.45,0.749,0.74,15.43,0.007,-0.17,0.09,0.069,20.558,20.855,False,,,,,
1202,demo,pursuit,grassland,Sample A,-1.976,-3.05,0.007,33.89,0.749,0.728,15.24,0.007,-0.17,0.09,0.068,20.547,20.935,False,,,,,
1203,demo,pursuit,grassland,Sample A,-1.966,-3.043,0.007,34.31,0.749,0.715,15.07,0.007,-0.17,0.09,0.068,20.538,21.073,False,,,,,
1204,demo,pursuit,grassland,Sample A,-1.956,-3.036,0.007,34.67,0.749,0.704,14.96,0.007,-0.17,0.09,0.068,20.531,21.246,False,,,,,
1205,demo,pursuit,grassland,Sample A,-1.946,-3.029,0.007,35.03,0.749,0.692,14.86,0.007,-0.17,0.09,0.068,20.526,21.487,False,,,,,
1206,demo,pursuit,grassland,Sample A,-1.935,-3.022,0.007,35.37,0.749,0.679,14.8,0.007,-0.17,0.09,0.067,20.522,21.787,False,,,,,
1207,demo,pursuit,grassland,Sample A,-1.925,-3.014,0.007,35.67,0.75,0.667,14.76,0.007,-0.17,0.09,0.067,20.521,22.125,False,,,,,
1208,demo,pursuit,grassland,Sample A,-1.915,-3.007,0.007,35.95,0.75,0.655,14.76,0.007,-0.17,0.09,0.067,20.521,22.532,False,,,,,
1209,demo,pursuit,grassland,Sample A,-1.905,-2.999,0.007,36.21,0.75,0.643,14.78,0.007,-0.17,0.09,0.067,20.522,22.993,False,,,,,
1210,demo,pursuit,grassland,Sample A,-1.894,-2.992,0.007,36.46,0.75,0.63,14.83,0.007,-0.17,0.09,0.067,20.525,23.527,False,,,,,
1211,demo,pursuit,grassland,Sample A,-1.885,-2.985,0.007,36.66,0.75,0.619,14.89,0.007,-0.18,0.09,0.068,20.529,24.053,False,,,,,
1212,demo,pursuit,grassland,Sample A,-1.875,-2.977,0.007,36.87,0.75,0.607,14.99,0.007,-0.18,0.09,0.068,20.535,24.695,False,,,,,
1213,demo,pursuit,grassland,Sample A,-1.865,-2.97,0.007,37.06,0.75,0.595,15.1,0.007,-0.18,0.09,0.068,20.542,25.375,False,,,,,
1214,demo,pursuit,grassland,Sample A,-1.855,-2.962,0.007,37.24,0.75,0.583,15.25,0.007,-0.18,0.09,0.069,20.552,26.18,False,,,,,
1215,demo,pursuit,grassland,Sample A,-1.845,-2.955,0.007,37.39,0.75,0.571,15.4,0.007,-0.18,0.09,0.069,20.561,26.962,False,,,,,
1216,demo,pursuit,grassland,Sample A,-1.835,-2.947,0.007,37.55,0.75,0.558,15.6,0.007,-0.18,0.09,0.069,20.573,27.935,False,,,,,
1217,demo,pursuit,grassland,Sample A,-1.825,-2.94,0.007,37.68,0.75,0.547,15.8,0.007,-0.18,0.09,0.07,20.585,28.889,False,,,,,
1218,demo,pursuit,grassland,Sample A,-1.815,-2.932,0.007,37.82,0.75,0.534,16.05,0.007,-0.18,0.09,0.071,20.6,30.024,False,,,,,
1219,demo,pursuit,grassland,Sample A,-1.805,-2.924,0.007,37.94,0.75,0.522,16.31,0.007,-0.18,0.09,0.071,20.616,31.215,False,,,,,
1220,demo,pursuit,grassland,Sample A,-1.796,-2.916,0.007,38.04,0.75,0.511,16.58,0.007,-0.18,0.09,0.072,20.632,32.475,False,,,,,
1221,demo,pursuit,grassland,Sample A,-1.786,-2.909,0.007,38.15,0.75,0.499,16.89,0.007,-0.18,0.09,0.073,20.651,33.859,False,,,,,
1222,demo,pursuit,grassland,Sample A,-1.776,-2.901,0.007,38.24,0.75,0.487,17.2,0.007,-0.18,0.09,0.073,20.67,35.317,False,,,,,
1223,demo,pursuit,grassland,Sample A,-1.766,-2.893,0.008,38.33,0.75,0.475,17.57,0.008,-0.18,0.09,0.074,20.692,36.988,False,,,,,
1224,demo,pursuit,grassland,Sample A,-1.756,-2.885,0.008,38.41,0.75,0.463,17.96,0.008,-0.18,0.09,0.075,20.715,38.783,False,,,,,
1225,demo,pursuit,grassland,Sample A,-1.746,-2.877,0.008,38.48,0.75,0.451,18.38,0.008,-0.18,0.09,0.076,20.741,40.767,False,,,,,
1226,demo,pursuit,grassland,Sample A,-1.736,-2.869,0.008,38.55,0.75,0.439,18.84,0.008,-0.18,0.09,0.078,20.768,42.945,False,,,,,
1227,demo,pursuit,grassland,Sample A,-1.727,-2.862,0.008,39.17,0.0,0.427,18.73,0.008,-0.18,0.09,0.077,15.138,43.857,False,,,,,
1228,demo,pursuit,grassland,Sample A,-1.727,-2.862,0.008,39.17,0.0,0.427,18.73,0.008,-0.18,0.09,0.077,15.138,43.857,False,,,,,
1229,demo,pursuit,grassland,Sample A,-1.727,-2.862,0.008,39.17,0.0,0.427,18.73,0.008,-0.18,0.09,0.077,15.138,43.857,False,,,,,
1230,demo,pursuit,grassland,Sample A,-1.727,-2.862,0.008,39.17,0.0,0.427,18.73,0.008,-0.18,0.09,0.077,15.138,43.857,False,,,,,
1231,demo,pursuit,grassland,Sample A,-1.727,-2.862,0.008,39.17,0.0,0.427,18.73,0.008,-0.18,0.09,0.077,15.138,43.857,False,,,,,
1232,demo,pursuit,grassland,Sample A,-1.727,-2.862,0.008,39.17,0.0,0.427,18.73,0.008,-0.18,0.09,0.077,15.138,43.857,False,,,,,
1233,demo,pursuit,grassland,Sample A,-1.727,-2.862,0.008,39.17,0.0,0.427,18.73,0.008,-0.18,0.09,0.077,15.138,43.857,False,,,,,
1234,demo,pursuit,grassland,Sample A,-1.727,-2.862,0.008,39.17,0.0,0.427,18.73,0.008,-0.18,0.09,0.077,15.138,43.857,False,,,,,
1235,demo,pursuit,grassland,Sample A,-1.727,-2.862,0.008,39.17,0.0,0.427,18.73,0.008,-0.18,0.09,0.077,15.138,43.857,False,,,,,
1236,demo,pursuit,grassland,Sample A,-1.727,-2.862,0.008,39.17,0.0,0.427,18.73,0.008,-0.18,0.09,0.077,15.138,43.857,False,,,,,
1237,demo,pursuit,grassland,Sample A,-1.727,-2.862,0.008,39.17,0.0,0.427,18.73,0.008,-0.18,0.09,0.077,15.138,43.857,False,,,,,
1238,demo,pursuit,grassland,Sample A,-1.727,-2.862,0.008,39.17,0.0,0.427,18.73,0.008,-0.18,0.09,0.077,15.138,43.857,False,,,,,
1239,demo,pursuit,grassland,Sample A,-1.727,-2.862,0.008,39.17,0.0,0.427,18.73,0.008,-0.18,0.09,0.077,15.138,43.857,False,,,,,
1240,demo,pursuit,grassland,Sample A,-1.727,-2.862,0.008,39.17,0.0,0.427,18.73,0.008,-0.18,0.09,0.077,15.138,43.857,False,,,,,
1241,demo,pursuit,grassland,Sample A,-1.727,-2.862,0.008,39.17,0.0,0.427,18.73,0.008,-0.18,0.09,0.077,15.138,43.857,False,,,,,
1242,demo,pursuit,grassland,Sample A,-1.727,-2.862,0.008,39.17,0.0,0.427,18.73,0.008,-0.18,0.09,0.077,15.138,43.857,False,,,,,
1243,demo,pursuit,grassland,Sample A,-1.727,-2.862,0.008,39.17,0.0,0.427,18.73,0.008,-0.18,0.09,0.077,15.138,43.857,False,,,,,
1244,demo,pursuit,grassland,Sample A,-1.727,-2.862,0.008,39.17,0.0,0.427,18.73,0.008,-0.18,0.09,0.077,15.138,43.857,False,,,,,
1245,demo,pursuit,grassland,Sample A,-1.727,-2.862,0.008,39.17,0.0,0.427,18.73,0.008,-0.18,0.09,0.077,15.138,43.857,False,,,,,
1246,demo,pursuit,grassland,Sample A,-1.727,-2.862,0.008,39.17,0.0,0.427,18.73,0.008,-0.18,0.09,0.077,15.138,43.857,False,,,,,
1247,demo,pursuit,grassland,Sample A,-1.727,-2.862,0.008,39.17,0.0,0.427,18.73,0.008,-0.18,0.09,0.077,15.138,43.857,False,,,,,
1248,demo,pursuit,grassland,Sample A,-1.727,-2.862,0.008,39.17,0.0,0.427,18.73,0.008,-0.18,0.09,0.077,15.138,43.857,False,,,,,
1249,demo,pursuit,grassland,Sample A,-1.727,-2.862,0.008,39.17,0.0,0.427,18.73,0.008,-0.18,0.09,0.077,15.138,43.857,False,,,,,
1250,demo,pursuit,grassland,Sample A,-1.727,-2.862,0.008,39.17,0.0,0.427,18.73,0.008,-0.18,0.09,0.077,15.138,43.857,False,,,,,
1251,demo,pursuit,grassland,Sample A,-1.727,-2.862,0.008,39.17,0.0,0.427,18.73,0.008,-0.18,0.09,0.077,15.138,43.857,False,,,,,
1252,demo,pursuit,grassland,Sample A,-1.727,-2.862,0.008,39.17,0.0,0.427,18.73,0.008,-0.18,0.09,0.077,15.138,43.857,False,,,,,
1253,demo,pursuit,grassland,Sample A,-1.727,-2.862,0.008,39.17,0.0,0.427,18.73,0.008,-0.18,0.09,0.077,15.138,43.857,False,,,,,
1254,demo,pursuit,grassland,Sample A,-1.727,-2.862,0.008,39.17,0.0,0.427,18.73,0.008,-0.18,0.09,0.077,15.138,43.857,False,,,,,
1255,demo,pursuit,grassland,Sample A,-1.727,-2.862,0.008,39.17,0.0,0.427,18.73,0.008,-0.18,0.09,0.077,15.138,43.857,False,,,,,
1256,demo,pursuit,grassland,Sample A,-1.727,-2.862,0.008,39.17,0.0,0.427,18.73,0.008,-0.18,0.09,0.077,15.138,43.857,False,,,,,
1257,demo,pursuit,grassland,Sample A,-1.727,-2.862,0.008,39.17,0.0,0.427,18.73,0.008,-0.18,0.09,0.077,15.138,43.857,False,,,,,
1258,demo,pursuit,grassland,Sample A,-1.727,-2.862,0.008,39.17,0.0,0.427,18.73,0.008,-0.18,0.09,0.077,15.138,43.857,False,,,,,
1259,demo,pursuit,grassland,Sample A,-1.727,-2.862,0.008,39.17,0.0,0.427,18.73,0.008,-0.18,0.09,0.077,15.138,43.857,False,,,,,
1260,demo,pursuit,grassland,Sample A,-1.727,-2.862,0.008,39.17,0.0,0.427,18.73,0.008,-0.18,0.09,0.077,15.138,43.857,False,,,,,
1261,demo,pursuit,grassland,Sample A,-1.727,-2.862,0.008,39.17,0.0,0.427,18.73,0.008,-0.18,0.09,0.077,15.138,43.857,False,,,,,
1262,demo,pursuit,grassland,Sample A,-1.727,-2.862,0.008,39.17,0.0,0.427,18.73,0.008,-0.18,0.09,0.077,15.138,43.857,False,,,,,
1263,demo,pursuit,grassland,Sample A,-1.727,-2.862,0.008,39.17,0.0,0.427,18.73,0.008,-0.18,0.09,0.077,15.138,43.857,False,,,,,
1264,demo,pursuit,grassland,Sample A,-1.727,-2.862,0.008,39.17,0.0,0.427,18.73,0.008,-0.18,0.09,0.077,15.138,43.857,False,,,,,
1265,demo,pursuit,grassland,Sample A,-1.727,-2.862,0.008,39.17,0.0,0.427,18.73,0.008,-0.18,0.09,0.077,15.138,43.857,False,,,,,
1266,demo,pursuit,grassland,Sample A,-1.727,-2.862,0.008,39.17,0.0,0.427,18.73,0.008,-0.18,0.09,0.077,15.138,43.857,False,,,,,
1267,demo,pursuit,grassland,Sample A,-1.727,-2.862,0.008,39.17,0.0,0.427,18.73,0.008,-0.18,0.09,0.077,15.138,43.857,False,,,,,
1268,demo,pursuit,grassland,Sample A,-1.727,-2.862,0.008,39.17,0.0,0.427,18.73,0.008,-0.18,0.09,0.077,15.138,43.857,False,,,,,
1269,demo,pursuit,grassland,Sample A,-1.727,-2.862,0.008,39.17,0.0,0.427,18.73,0.008,-0.18,0.09,0.077,15.138,43.857,False,,,,,
1270,demo,pursuit,grassland,Sample A,-1.727,-2.862,0.008,39.17,0.0,0.427,18.73,0.008,-0.18,0.09,0.077,15.138,43.857,False,,,,,
1271,demo,pursuit,grassland,Sample A,-1.727,-2.862,0.008,39.17,0.0,0.427,18.73,0.008,-0.18,0.09,0.077,15.138,43.857,False,,,,,
1272,demo,pursuit,grassland,Sample A,-1.727,-2.862,0.008,39.17,0.0,0.427,18.73,0.008,-0.18,0.09,0.077,15.138,43.857,False,,,,,
1273,demo,pursuit,grassland,Sample A,-1.727,-2.862,0.008,39.17,0.0,0.427,18.73,0.008,-0.18,0.09,0.077,15.138,43.857,False,,,,,
1274,demo,pursuit,grassland,Sample A,-1.727,-2.862,0.008,39.17,0.0,0.427,18.73,0.008,-0.18,0.09,0.077,15.138,43.857,False,,,,,
1275,demo,pursuit,grassland,Sample A,-1.727,-2.862,0.008,39.17,0.0,0.427,18.73,0.008,-0.18,0.09,0.077,15.138,43.857,False,,,,,
1276,demo,pursuit,grassland,Sample A,-1.727,-2.862,0.008,39.17,0.0,0.427,18.73,0.008,-0.18,0.09,0.077,15.138,43.857,False,,,,,
1277,demo,pursuit,grassland,Sample A,-1.727,-2.862,0.008,39.17,0.0,0.427,18.73,0.008,-0.18,0.09,0.077,15.138,43.857,False,,,,,
1278,demo,pursuit,grassland,Sample A,-1.727,-2.862,0.008,39.17,0.0,0.427,18.73,0.008,-0.18,0.09,0.077,15.138,43.857,False,,,,,
1279,demo,pursuit,grassland,Sample A,-1.727,-2.862,0.008,39.17,0.0,0.427,18.73,0.008,-0.18,0.09,0.077,15.138,43.857,False,,,,,
1280,demo,pursuit,grassland,Sample A,-1.727,-2.862,0.008,39.17,0.0,0.427,18.73,0.008,-0.18,0.09,0.077,15.138,43.857,False,,,,,
1281,demo,pursuit,grassland,Sample A,-1.727,-2.862,0.008,39.17,0.0,0.427,18.73,0.008,-0.18,0.09,0.077,15.138,43.857,False,,,,,
1282,demo,pursuit,grassland,Sample A,-1.727,-2.862,0.008,39.17,0.0,0.427,18.73,0.008,-0.18,0.09,0.077,15.138,43.857,False,,,,,
1283,demo,pursuit,grassland,Sample A,-1.727,-2.862,0.008,39.17,0.0,0.427,18.73,0.008,-0.18,0.09,0.077,15.138,43.857,False,,,,,
1284,demo,pursuit,grassland,Sample A,-1.727,-2.862,0.008,39.17,0.0,0.427,18.73,0.008,-0.18,0.09,0.077,15.138,43.857,False,,,,,
1285,demo,pursuit,grassland,Sample A,-1.727,-2.862,0.008,39.17,0.0,0.427,18.73,0.008,-0.18,0.09,0.077,15.138,43.857,False,,,,,
1286,demo,pursuit,grassland,Sample A,-1.727,-2.862,0.008,39.17,0.0,0.427,18.73,0.008,-0.18,0.09,0.077,15.138,43.857,False,,,,,
1287,demo,pursuit,grassland,Sample A,-1.727,-2.862,0.008,39.17,0.0,0.427,18.73,0.008,-0.18,0.09,0.077,15.138,43.857,False,,,,,
1288,demo,pursuit,grassland,Sample A,-1.727,-2.862,0.008,39.17,0.0,0.427,18.73,0.008,-0.18,0.09,0.077,15.138,43.857,False,,,,,
1289,demo,pursuit,grassland,Sample A,-1.727,-2.862,0.008,39.17,0.0,0.427,18.73,0.008,-0.18,0.09,0.077,15.138,43.857,False,,,,,
1290,demo,pursuit,grassland,Sample A,-1.727,-2.862,0.008,39.17,0.0,0.427,18.73,0.008,-0.18,0.09,0.077,15.138,43.857,False,,,,,
1291,demo,pursuit,grassland,Sample A,-1.727,-2.862,0.008,39.17,0.0,0.427,18.73,0.008,-0.18,0.09,0.077,15.138,43.857,False,,,,,
1292,demo,pursuit,grassland,Sample A,-1.727,-2.862,0.008,39.17,0.0,0.427,18.73,0.008,-0.18,0.09,0.077,15.138,43.857,False,,,,,
1293,demo,pursuit,grassland,Sample A,-1.727,-2.862,0.008,39.17,0.0,0.427,18.73,0.008,-0.18,0.09,0.077,15.138,43.857,False,,,,,
1294,demo,pursuit,grassland,Sample A,-1.727,-2.862,0.008,39.17,0.0,0.427,18.73,0.008,-0.18,0.09,0.077,15.138,43.857,False,,,,,
1295,demo,pursuit,grassland,Sample A,-1.727,-2.862,0.008,39.17,0.0,0.427,18.73,0.008,-0.18,0.09,0.077,15.138,43.857,False,,,,,
1296,demo,pursuit,grassland,Sample A,-1.727,-2.862,0.008,39.17,0.0,0.427,18.73,0.008,-0.18,0.09,0.077,15.138,43.857,False,,,,,
1297,demo,pursuit,grassland,Sample A,-1.727,-2.862,0.008,39.17,0.0,0.427,18.73,0.008,-0.18,0.09,0.077,15.138,43.857,False,,,,,
1298,demo,pursuit,grassland,Sample A,-1.727,-2.862,0.008,39.17,0.0,0.427,18.73,0.008,-0.18,0.09,0.077,15.138,43.857,False,,,,,
1299,demo,pursuit,grassland,Sample A,-1.727,-2.862,0.008,39.17,0.0,0.427,18.73,0.008,-0.18,0.09,0.077,15.138,43.857,False,,,,,
1300,demo,pursuit,grassland,Sample A,-1.727,-2.862,0.008,39.17,0.0,0.427,18.73,0.008,-0.18,0.09,0.077,15.138,43.857,False,,,,,
1301,demo,pursuit,grassland,Sample A,-1.727,-2.862,0.008,39.17,0.0,0.427,18.73,0.008,-0.18,0.09,0.077,15.138,43.857,False,,,,,
1302,demo,pursuit,grassland,Sample A,-1.727,-2.862,0.008,39.17,0.0,0.427,18.73,0.008,-0.18,0.09,0.077,15.138,43.857,False,,,,,
1303,demo,pursuit,grassland,Sample A,-1.727,-2.862,0.008,39.17,0.0,0.427,18.73,0.008,-0.18,0.09,0.077,15.138,43.857,False,,,,,
1304,demo,pursuit,grassland,Sample A,-1.727,-2.862,0.008,39.17,0.0,0.427,18.73,0.008,-0.18,0.09,0.077,15.138,43.857,False,,,,,
1305,demo,pursuit,grassland,Sample A,-1.727,-2.862,0.008,39.17,0.0,0.427,18.73,0.008,-0.18,0.09,0.077,15.138,43.857,False,,,,,
1306,demo,pursuit,grassland,Sample A,-1.727,-2.862,0.008,39.17,0.0,0.427,18.73,0.008,-0.18,0.09,0.077,15.138,43.857,False,,,,,
1307,demo,pursuit,grassland,Sample A,-1.727,-2.862,0.008,39.17,0.0,0.427,18.73,0.008,-0.18,0.09,0.077,15.138,43.857,False,,,,,
1308,demo,pursuit,grassland,Sample A,-1.727,-2.862,0.008,39.17,0.0,0.427,18.73,0.008,-0.18,0.09,0.077,15.138,43.857,False,,,,,
1309,demo,pursuit,grassland,Sample A,-1.727,-2.862,0.008,39.17,0.0,0.427,18.73,0.008,-0.18,0.09,0.077,15.138,43.857,False,,,,,
1310,demo,pursuit,grassland,Sample A,-1.727,-2.862,0.008,39.17,0.0,0.427,18.73,0.008,-0.18,0.09,0.077,15.138,43.857,False,,,,,
1311,demo,pursuit,grassland,Sample A,-1.727,-2.862,0.008,39.17,0.0,0.427,18.73,0.008,-0.18,0.09,0.077,15.138,43.857,False,,,,,
1312,demo,pursuit,grassland,Sample A,-1.727,-2.862,0.008,39.17,0.0,0.427,18.73,0.008,-0.18,0.09,0.077,15.138,43.857,False,,,,,
1313,demo,pursuit,grassland,Sample A,-1.727,-2.862,0.008,39.17,0.0,0.427,18.73,0.008,-0.18,0.09,0.077,15.138,43.857,False,,,,,
1314,demo,pursuit,grassland,Sample A,-1.727,-2.862,0.008,39.17,0.0,0.427,18.73,0.008,-0.18,0.09,0.077,15.138,43.857,False,,,,,
1315,demo,pursuit,grassland,Sample A,-1.727,-2.862,0.008,39.17,0.0,0.427,18.73,0.008,-0.18,0.09,0.077,15.138,43.857,False,,,,,
1316,demo,pursuit,grassland,Sample A,-1.727,-2.862,0.008,39.17,0.0,0.427,18.73,0.008,-0.18,0.09,0.077,15.138,43.857,False,,,,,
1317,demo,pursuit,grassland,Sample A,-1.727,-2.862,0.008,39.17,0.0,0.427,18.73,0.008,-0.18,0.09,0.077,15.138,43.857,False,,,,,
1318,demo,pursuit,grassland,Sample A,-1.727,-2.862,0.008,39.17,0.0,0.427,18.73,0.008,-0.18,0.09,0.077,15.138,43.857,False,,,,,
1319,demo,pursuit,grassland,Sample A,-1.727,-2.862,0.008,39.17,0.0,0.427,18.73,0.008,-0.18,0.09,0.077,15.138,43.857,False,,,,,
1320,demo,pursuit,grassland,Sample A,-1.727,-2.862,0.008,39.17,0.0,0.427,18.73,0.008,-0.18,0.09,0.077,15.138,43.857,False,,,,,
1321,demo,pursuit,grassland,Sample A,-1.727,-2.862,0.008,39.17,0.0,0.427,18.73,0.008,-0.18,0.09,0.077,15.138,43.857,False,,,,,
1322,demo,pursuit,grassland,Sample A,-1.727,-2.862,0.008,39.17,0.0,0.427,18.73,0.008,-0.18,0.09,0.077,15.138,43.857,False,,,,,
1323,demo,pursuit,grassland,Sample A,-1.727,-2.862,0.008,39.17,0.0,0.427,18.73,0.008,-0.18,0.09,0.077,15.138,43.857,False,,,,,
1324,demo,pursuit,grassland,Sample A,-1.727,-2.862,0.008,39.17,0.0,0.427,18.73,0.008,-0.18,0.09,0.077,15.138,43.857,False,,,,,
1325,demo,pursuit,grassland,Sample A,-1.727,-2.862,0.008,39.17,0.0,0.427,18.73,0.008,-0.18,0.09,0.077,15.138,43.857,False,,,,,
1326,demo,pursuit,grassland,Sample A,-1.727,-2.862,0.008,39.17,0.0,0.427,18.73,0.008,-0.18,0.09,0.077,15.138,43.857,False,,,,,
1327,demo,pursuit,grassland,Sample A,-1.727,-2.862,0.008,39.17,0.0,0.427,18.73,0.008,-0.18,0.09,0.077,15.138,43.857,False,,,,,
1328,demo,pursuit,grassland,Sample A,-1.727,-2.862,0.008,39.17,0.0,0.427,18.73,0.008,-0.18,0.09,0.077,15.138,43.857,False,,,,,
1329,demo,pursuit,grassland,Sample A,-1.727,-2.862,0.008,39.17,0.0,0.427,18.73,0.008,-0.18,0.09,0.077,15.138,43.857,False,,,,,
1330,demo,pursuit,grassland,Sample A,-1.727,-2.862,0.008,39.17,0.0,0.427,18.73,0.008,-0.18,0.09,0.077,15.138,43.857,False,,,,,
1331,demo,pursuit,grassland,Sample A,-1.727,-2.862,0.008,39.17,0.0,0.427,18.73,0.008,-0.18,0.09,0.077,15.138,43.857,False,,,,,
1332,demo,pursuit,grassland,Sample A,-1.727,-2.862,0.008,39.17,0.0,0.427,18.73,0.008,-0.18,0.09,0.077,15.138,43.857,False,,,,,
1333,demo,pursuit,grassland,Sample A,-1.727,-2.862,0.008,39.17,0.0,0.427,18.73,0.008,-0.18,0.09,0.077,15.138,43.857,False,,,,,
1334,demo,pursuit,grassland,Sample A,-1.727,-2.862,0.008,39.17,0.0,0.427,18.73,0.008,-0.18,0.09,0.077,15.138,43.857,False,,,,,
1335,demo,pursuit,grassland,Sample A,-1.727,-2.862,0.008,39.17,0.0,0.427,18.73,0.008,-0.18,0.09,0.077,15.138,43.857,False,,,,,
1336,demo,pursuit,grassland,Sample A,-1.727,-2.862,0.008,39.17,0.0,0.427,18.73,0.008,-0.18,0.09,0.077,15.138,43.857,False,,,,,
1337,demo,pursuit,grassland,Sample A,-1.727,-2.862,0.008,39.17,0.0,0.427,18.73,0.008,-0.18,0.09,0.077,15.138,43.857,False,,,,,
1338,demo,pursuit,grassland,Sample A,-1.727,-2.862,0.008,39.17,0.0,0.427,18.73,0.008,-0.18,0.09,0.077,15.138,43.857,False,,,,,
1339,demo,pursuit,grassland,Sample A,-1.727,-2.862,0.008,39.17,0.0,0.427,18.73,0.008,-0.18,0.09,0.077,15.138,43.857,False,,,,,
1340,demo,pursuit,grassland,Sample A,-1.727,-2.862,0.008,39.17,0.0,0.427,18.73,0.008,-0.18,0.09,0.077,15.138,43.857,False,,,,,
1341,demo,pursuit,grassland,Sample A,-1.727,-2.862,0.008,39.17,0.0,0.427,18.73,0.008,-0.18,0.09,0.077,15.138,43.857,False,,,,,
1342,demo,pursuit,grassland,Sample A,-1.727,-2.862,0.008,39.17,0.0,0.427,18.73,0.008,-0.18,0.09,0.077,15.138,43.857,False,,,,,
1343,demo,pursuit,grassland,Sample A,-1.727,-2.862,0.008,39.17,0.0,0.427,18.73,0.008,-0.18,0.09,0.077,15.138,43.857,False,,,,,
1344,demo,pursuit,grassland,Sample A,-1.727,-2.862,0.008,39.17,0.0,0.427,18.73,0.008,-0.18,0.09,0.077,15.138,43.857,False,,,,,
1345,demo,pursuit,grassland,Sample A,-1.727,-2.862,0.008,39.17,0.0,0.427,18.73,0.008,-0.18,0.09,0.077,15.138,43.857,False,,,,,
1346,demo,pursuit,grassland,Sample A,-1.727,-2.862,0.008,39.17,0.0,0.427,18.73,0.008,-0.18,0.09,0.077,15.138,43.857,False,,,,,
1347,demo,pursuit,grassland,Sample A,-1.727,-2.862,0.008,39.17,0.0,0.427,18.73,0.008,-0.18,0.09,0.077,15.138,43.857,False,,,,,
1348,demo,pursuit,grassland,Sample A,-1.727,-2.862,0.008,39.17,0.0,0.427,18.73,0.008,-0.18,0.09,0.077,15.138,43.857,False,,,,,
1349,demo,pursuit,grassland,Sample A,-1.727,-2.862,0.008,39.17,0.0,0.427,18.73,0.008,-0.18,0.09,0.077,15.138,43.857,False,,,,,
1350,demo,pursuit,grassland,Sample A,-1.727,-2.862,0.008,39.17,0.0,0.427,18.73,0.008,-0.18,0.09,0.077,15.138,43.857,False,,,,,
1351,demo,pursuit,grassland,Sample A,-1.727,-2.862,0.008,39.17,0.0,0.427,18.73,0.008,-0.18,0.09,0.077,15.138,43.857,False,,,,,
1352,demo,pursuit,grassland,Sample A,-1.727,-2.862,0.008,39.17,0.0,0.427,18.73,0.008,-0.18,0.09,0.077,15.138,43.857,False,,,,,
1353,demo,pursuit,grassland,Sample A,-1.727,-2.862,0.008,39.17,0.0,0.427,18.73,0.008,-0.18,0.09,0.077,15.138,43.857,False,,,,,
1354,demo,pursuit,grassland,Sample A,-1.727,-2.862,0.008,39.17,0.0,0.427,18.73,0.008,-0.18,0.09,0.077,15.138,43.857,False,,,,,
1355,demo,pursuit,grassland,Sample A,-1.727,-2.862,0.008,39.17,0.0,0.427,18.73,0.008,-0.18,0.09,0.077,15.138,43.857,False,,,,,
1356,demo,pursuit,grassland,Sample A,-1.727,-2.862,0.008,39.17,0.0,0.427,18.73,0.008,-0.18,0.09,0.077,15.138,43.857,False,,,,,
1357,demo,pursuit,grassland,Sample A,-1.727,-2.862,0.008,39.17,0.0,0.427,18.73,0.008,-0.18,0.09,0.077,15.138,43.857,False,,,,,
1358,demo,pursuit,grassland,Sample A,-1.727,-2.862,0.008,39.17,0.0,0.427,18.73,0.008,-0.18,0.09,0.077,15.138,43.857,False,,,,,
1359,demo,pursuit,grassland,Sample A,-1.727,-2.862,0.008,39.17,0.0,0.427,18.73,0.008,-0.18,0.09,0.077,15.138,43.857,False,,,,,
1360,demo,pursuit,grassland,Sample A,-1.727,-2.862,0.008,39.17,0.0,0.427,18.73,0.008,-0.18,0.09,0.077,15.138,43.857,False,,,,,
1361,demo,pursuit,grassland,Sample A,-1.727,-2.862,0.008,39.17,0.0,0.427,18.73,0.008,-0.18,0.09,0.077,15.138,43.857,False,,,,,
1362,demo,pursuit,grassland,Sample A,-1.727,-2.862,0.008,39.17,0.0,0.427,18.73,0.008,-0.18,0.09,0.077,15.138,43.857,False,,,,,
1363,demo,pursuit,grassland,Sample A,-1.727,-2.862,0.008,39.17,0.0,0.427,18.73,0.008,-0.18,0.09,0.077,15.138,43.857,False,,,,,
1364,demo,pursuit,grassland,Sample A,-1.727,-2.862,0.008,39.17,0.0,0.427,18.73,0.008,-0.18,0.09,0.077,15.138,43.857,False,,,,,
1365,demo,pursuit,grassland,Sample A,-1.727,-2.862,0.008,39.17,0.0,0.427,18.73,0.008,-0.18,0.09,0.077,15.138,43.857,False,,,,,
1366,demo,pursuit,grassland,Sample A,-1.727,-2.862,0.008,39.17,0.0,0.427,18.73,0.008,-0.18,0.09,0.077,15.138,43.857,False,,,,,
1367,demo,pursuit,grassland,Sample A,-1.727,-2.862,0.008,39.17,0.0,0.427,18.73,0.008,-0.18,0.09,0.077,15.138,43.857,False,,,,,
1368,demo,pursuit,grassland,Sample A,-1.727,-2.862,0.008,39.17,0.0,0.427,18.73,0.008,-0.18,0.09,0.077,15.138,43.857,False,,,,,
1369,demo,pursuit,grassland,Sample A,-1.727,-2.862,0.008,39.17,0.0,0.427,18.73,0.008,-0.18,0.09,0.077,15.138,43.857,False,,,,,
1370,demo,pursuit,grassland,Sample A,-1.727,-2.862,0.008,39.17,0.0,0.427,18.73,0.008,-0.18,0.09,0.077,15.138,43.857,False,,,,,
1371,demo,pursuit,grassland,Sample A,-1.727,-2.862,0.008,39.17,0.0,0.427,18.73,0.008,-0.18,0.09,0.077,15.138,43.857,False,,,,,
1372,demo,pursuit,grassland,Sample A,-1.727,-2.862,0.008,39.17,0.0,0.427,18.73,0.008,-0.18,0.09,0.077,15.138,43.857,False,,,,,
1373,demo,pursuit,grassland,Sample A,-1.727,-2.862,0.008,39.17,0.0,0.427,18.73,0.008,-0.18,0.09,0.077,15.138,43.857,False,,,,,
1374,demo,pursuit,grassland,Sample A,-1.727,-2.862,0.008,39.17,0.0,0.427,18.73,0.008,-0.18,0.09,0.077,15.138,43.857,False,,,,,
1375,demo,pursuit,grassland,Sample A,-1.727,-2.862,0.008,39.17,0.0,0.427,18.73,0.008,-0.18,0.09,0.077,15.138,43.857,False,,,,,
1376,demo,pursuit,grassland,Sample A,-1.727,-2.862,0.008,39.17,0.0,0.427,18.73,0.008,-0.18,0.09,0.077,15.138,43.857,False,,,,,
1377,demo,pursuit,grassland,Sample A,-1.727,-2.862,0.008,39.17,0.0,0.427,18.73,0.008,-0.18,0.09,0.077,15.138,43.857,False,,,,,
1378,demo,pursuit,grassland,Sample A,-1.727,-2.862,0.008,39.17,0.0,0.427,18.73,0.008,-0.18,0.09,0.077,15.138,43.857,False,,,,,
1379,demo,pursuit,grassland,Sample A,-1.727,-2.862,0.008,39.17,0.0,0.427,18.73,0.008,-0.18,0.09,0.077,15.138,43.857,False,,,,,
1380,demo,pursuit,grassland,Sample A,-1.727,-2.862,0.008,39.17,0.0,0.427,18.73,0.008,-0.18,0.09,0.077,15.138,43.857,False,,,,,
1381,demo,pursuit,grassland,Sample A,-1.727,-2.862,0.008,39.17,0.0,0.427,18.73,0.008,-0.18,0.09,0.077,15.138,43.857,False,,,,,
1382,demo,pursuit,grassland,Sample A,-1.727,-2.862,0.008,39.17,0.0,0.427,18.73,0.008,-0.18,0.09,0.077,15.138,43.857,False,,,,,
1383,demo,pursuit,grassland,Sample A,-1.727,-2.862,0.008,39.17,0.0,0.427,18.73,0.008,-0.18,0.09,0.077,15.138,43.857,False,,,,,
1384,demo,pursuit,grassland,Sample A,-1.727,-2.862,0.008,39.17,0.0,0.427,18.73,0.008,-0.18,0.09,0.077,15.138,43.857,False,,,,,
1385,demo,pursuit,grassland,Sample A,-1.727,-2.862,0.008,39.17,0.0,0.427,18.73,0.008,-0.18,0.09,0.077,15.138,43.857,False,,,,,
1386,demo,pursuit,grassland,Sample A,-1.727,-2.862,0.008,39.17,0.0,0.427,18.73,0.008,-0.18,0.09,0.077,15.138,43.857,False,,,,,
1387,demo,pursuit,grassland,Sample A,-1.727,-2.862,0.008,39.17,0.0,0.427,18.73,0.008,-0.18,0.09,0.077,15.138,43.857,False,,,,,
1388,demo,pursuit,grassland,Sample A,-1.727,-2.862,0.008,39.17,0.0,0.427,18.73,0.008,-0.18,0.09,0.077,15.138,43.857,False,,,,,
1389,demo,pursuit,grassland,Sample A,-1.727,-2.862,0.008,39.17,0.0,0.427,18.73,0.008,-0.18,0.09,0.077,15.138,43.857,False,,,,,
1390,demo,pursuit,grassland,Sample A,-1.727,-2.862,0.008,39.17,0.0,0.427,18.73,0.008,-0.18,0.09,0.077,15.138,43.857,False,,,,,
1391,demo,pursuit,grassland,Sample A,-1.727,-2.862,0.008,39.17,0.0,0.427,18.73,0.008,-0.18,0.09,0.077,15.138,43.857,False,,,,,
1392,demo,pursuit,grassland,Sample A,-1.727,-2.862,0.008,39.17,0.0,0.427,18.73,0.008,-0.18,0.09,0.077,15.138,43.857,False,,,,,
1393,demo,pursuit,grassland,Sample A,-1.727,-2.862,0.008,39.17,0.0,0.427,18.73,0.008,-0.18,0.09,0.077,15.138,43.857,False,,,,,
1394,demo,pursuit,grassland,Sample A,-1.727,-2.862,0.008,39.17,0.0,0.427,18.73,0.008,-0.18,0.09,0.077,15.138,43.857,False,,,,,
1395,demo,pursuit,grassland,Sample A,-1.727,-2.862,0.008,39.17,0.0,0.427,18.73,0.008,-0.18,0.09,0.077,15.138,43.857,False,,,,,
1396,demo,pursuit,grassland,Sample A,-1.727,-2.862,0.008,39.17,0.0,0.427,18.73,0.008,-0.18,0.09,0.077,15.138,43.857,False,,,,,
1397,demo,pursuit,grassland,Sample A,-1.727,-2.862,0.008,39.17,0.0,0.427,18.73,0.008,-0.18,0.09,0.077,15.138,43.857,False,,,,,
1398,demo,pursuit,grassland,Sample A,-1.727,-2.862,0.008,39.17,0.0,0.427,18.73,0.008,-0.18,0.09,0.077,15.138,43.857,False,,,,,
1399,demo,pursuit,grassland,Sample A,-1.727,-2.862,0.008,39.17,0.0,0.427,18.73,0.008,-0.18,0.09,0.077,15.138,43.857,False,,,,,
1400,demo,pursuit,grassland,Sample A,-1.727,-2.862,0.008,39.17,0.0,0.427,18.73,0.008,-0.18,0.09,0.077,15.138,43.857,False,,,,,
1401,demo,pursuit,grassland,Sample A,-1.727,-2.862,0.008,39.17,0.0,0.427,18.73,0.008,-0.18,0.09,0.077,15.138,43.857,False,,,,,
1402,demo,pursuit,grassland,Sample A,-1.727,-2.862,0.008,39.17,0.0,0.427,18.73,0.008,-0.18,0.09,0.077,15.138,43.857,False,,,,,
1403,demo,pursuit,grassland,Sample A,-1.727,-2.862,0.008,39.17,0.0,0.427,18.73,0.008,-0.18,0.09,0.077,15.138,43.857,False,,,,,
1404,demo,pursuit,grassland,Sample A,-1.727,-2.862,0.008,39.17,0.0,0.427,18.73,0.008,-0.18,0.09,0.077,15.138,43.857,False,,,,,
1405,demo,pursuit,grassland,Sample A,-1.727,-2.862,0.008,39.17,0.0,0.427,18.73,0.008,-0.18,0.09,0.077,15.138,43.857,False,,,,,
1406,demo,pursuit,grassland,Sample A,-1.727,-2.862,0.008,39.17,0.0,0.427,18.73,0.008,-0.18,0.09,0.077,15.138,43.857,False,,,,,
1407,demo,pursuit,grassland,Sample A,-1.727,-2.862,0.008,39.17,0.0,0.427,18.73,0.008,-0.18,0.09,0.077,15.138,43.857,False,,,,,
1408,demo,pursuit,grassland,Sample A,-1.727,-2.862,0.008,39.17,0.0,0.427,18.73,0.008,-0.18,0.09,0.077,15.138,43.857,False,,,,,
1409,demo,pursuit,grassland,Sample A,-1.727,-2.862,0.008,39.17,0.0,0.427,18.73,0.008,-0.18,0.09,0.077,15.138,43.857,False,,,,,
1410,demo,pursuit,grassland,Sample A,-1.727,-2.862,0.008,39.17,0.0,0.427,18.73,0.008,-0.18,0.09,0.077,15.138,43.857,False,,,,,
1411,demo,pursuit,grassland,Sample A,-1.727,-2.862,0.008,39.17,0.0,0.427,18.73,0.008,-0.18,0.09,0.077,15.138,43.857,False,,,,,
1412,demo,pursuit,grassland,Sample A,-1.727,-2.862,0.008,39.17,0.0,0.427,18.73,0.008,-0.18,0.09,0.077,15.138,43.857,False,,,,,
1413,demo,pursuit,grassland,Sample A,-1.727,-2.862,0.008,39.17,0.0,0.427,18.73,0.008,-0.18,0.09,0.077,15.138,43.857,False,,,,,
1414,demo,pursuit,grassland,Sample A,-1.727,-2.862,0.008,39.17,0.0,0.427,18.73,0.008,-0.18,0.09,0.077,15.138,43.857,False,,,,,
1415,demo,pursuit,grassland,Sample A,-1.727,-2.862,0.008,39.17,0.0,0.427,18.73,0.008,-0.18,0.09,0.077,15.138,43.857,False,,,,,
1416,demo,pursuit,grassland,Sample A,-1.727,-2.862,0.008,39.17,0.0,0.427,18.73,0.008,-0.18,0.09,0.077,15.138,43.857,False,,,,,
1417,demo,pursuit,grassland,Sample A,-1.727,-2.862,0.008,39.17,0.0,0.427,18.73,0.008,-0.18,0.09,0.077,15.138,43.857,False,,,,,
1418,demo,pursuit,grassland,Sample A,-1.727,-2.862,0.008,39.17,0.0,0.427,18.73,0.008,-0.18,0.09,0.077,15.138,43.857,False,,,,,
1419,demo,pursuit,grassland,Sample A,-1.727,-2.862,0.008,39.17,0.0,0.427,18.73,0.008,-0.18,0.09,0.077,15.138,43.857,False,,,,,
1420,demo,pursuit,grassland,Sample A,-1.727,-2.862,0.008,39.17,0.0,0.427,18.73,0.008,-0.18,0.09,0.077,15.138,43.857,False,,,,,
1421,demo,pursuit,grassland,Sample A,-1.727,-2.862,0.008,39.17,0.0,0.427,18.73,0.008,-0.18,0.09,0.077,15.138,43.857,False,,,,,
1422,demo,pursuit,grassland,Sample A,-1.727,-2.862,0.008,39.17,0.0,0.427,18.73,0.008,-0.18,0.09,0.077,15.138,43.857,False,,,,,
1423,demo,pursuit,grassland,Sample A,-1.727,-2.862,0.008,39.17,0.0,0.427,18.73,0.008,-0.18,0.09,0.077,15.138,43.857,False,,,,,
1424,demo,pursuit,grassland,Sample A,-1.727,-2.862,0.008,39.17,0.0,0.427,18.73,0.008,-0.18,0.09,0.077,15.138,43.857,False,,,,,
1425,demo,pursuit,grassland,Sample A,-1.727,-2.862,0.008,39.17,0.0,0.427,18.73,0.008,-0.18,0.09,0.077,15.138,43.857,False,,,,,
1426,demo,pursuit,grassland,Sample A,-1.727,-2.862,0.008,39.17,0.0,0.427,18.73,0.008,-0.18,0.09,0.077,15.138,43.857,False,,,,,
1427,demo,pursuit,grassland,Sample A,-1.727,-2.862,0.008,39.17,0.0,0.427,18.73,0.008,-0.18,0.09,0.077,15.138,43.857,False,,,,,
1428,demo,pursuit,grassland,Sample A,-1.727,-2.862,0.008,39.17,0.0,0.427,18.73,0.008,-0.18,0.09,0.077,15.138,43.857,False,,,,,
1429,demo,pursuit,grassland,Sample A,-1.727,-2.862,0.008,39.17,0.0,0.427,18.73,0.008,-0.18,0.09,0.077,15.138,43.857,False,,,,,
1430,demo,pursuit,grassland,Sample A,-1.727,-2.862,0.008,39.17,0.0,0.427,18.73,0.008,-0.18,0.09,0.077,15.138,43.857,False,,,,,
1431,demo,pursuit,grassland,Sample A,-1.727,-2.862,0.008,39.17,0.0,0.427,18.73,0.008,-0.18,0.09,0.077,15.138,43.857,False,,,,,
1432,demo,pursuit,grassland,Sample A,-1.727,-2.862,0.008,39.17,0.0,0.427,18.73,0.008,-0.18,0.09,0.077,15.138,43.857,False,,,,,
1433,demo,pursuit,grassland,Sample A,-1.727,-2.862,0.008,39.17,0.0,0.427,18.73,0.008,-0.18,0.09,0.077,15.138,43.857,False,,,,,
1434,demo,pursuit,grassland,Sample A,-1.727,-2.862,0.008,39.17,0.0,0.427,18.73,0.008,-0.18,0.09,0.077,15.138,43.857,False,,,,,
1435,demo,pursuit,grassland,Sample A,-1.727,-2.862,0.008,39.17,0.0,0.427,18.73,0.008,-0.18,0.09,0.077,15.138,43.857,False,,,,,
1436,demo,pursuit,grassland,Sample A,-1.727,-2.862,0.008,39.17,0.0,0.427,18.73,0.008,-0.18,0.09,0.077,15.138,43.857,False,,,,,
1437,demo,pursuit,grassland,Sample A,-1.727,-2.862,0.008,39.17,0.0,0.427,18.73,0.008,-0.18,0.09,0.077,15.138,43.857,False,,,,,
1438,demo,pursuit,grassland,Sample A,-1.727,-2.862,0.008,39.17,0.0,0.427,18.73,0.008,-0.18,0.09,0.077,15.138,43.857,False,,,,,
1439,demo,pursuit,grassland,Sample A,-1.727,-2.862,0.008,39.17,0.0,0.427,18.73,0.008,-0.18,0.09,0.077,15.138,43.857,False,,,,,
1440,demo,pursuit,grassland,Sample A,-1.727,-2.862,0.008,39.17,0.0,0.427,18.73,0.008,-0.18,0.09,0.077,15.138,43.857,False,,,,,
1441,demo,pursuit,grassland,Sample A,-1.727,-2.862,0.008,39.17,0.0,0.427,18.73,0.008,-0.18,0.09,0.077,15.138,43.857,False,,,,,
1442,demo,pursuit,grassland,Sample A,-1.727,-2.862,0.008,39.17,0.0,0.427,18.73,0.008,-0.18,0.09,0.077,15.138,43.857,False,,,,,
1443,demo,pursuit,grassland,Sample A,-1.727,-2.862,0.008,39.17,0.0,0.427,18.73,0.008,-0.18,0.09,0.077,15.138,43.857,False,,,,,
1444,demo,pursuit,grassland,Sample A,-1.727,-2.862,0.008,39.17,0.0,0.427,18.73,0.008,-0.18,0.09,0.077,15.138,43.857,False,,,,,
1445,demo,pursuit,grassland,Sample A,-1.727,-2.862,0.008,39.17,0.0,0.427,18.73,0.008,-0.18,0.09,0.077,15.138,43.857,False,,,,,
1446,demo,pursuit,grassland,Sample A,-1.727,-2.862,0.008,39.17,0.0,0.427,18.73,0.008,-0.18,0.09,0.077,15.138,43.857,False,,,,,
1447,demo,pursuit,grassland,Sample A,-1.727,-2.862,0.008,39.17,0.0,0.427,18.73,0.008,-0.18,0.09,0.077,15.138,43.857,False,,,,,
1448,demo,pursuit,grassland,Sample A,-1.727,-2.862,0.008,39.17,0.0,0.427,18.73,0.008,-0.18,0.09,0.077,15.138,43.857,False,,,,,
1449,demo,pursuit,grassland,Sample A,-1.727,-2.862,0.008,39.17,0.0,0.427,18.73,0.008,-0.18,0.09,0.077,15.138,43.857,False,,,,,
1450,demo,pursuit,grassland,Sample A,-1.727,-2.862,0.008,39.17,0.0,0.427,18.73,0.008,-0.18,0.09,0.077,15.138,43.857,False,,,,,
1451,demo,pursuit,grassland,Sample A,-1.727,-2.862,0.008,39.17,0.0,0.427,18.73,0.008,-0.18,0.09,0.077,15.138,43.857,False,,,,,
1452,demo,pursuit,grassland,Sample A,-1.727,-2.862,0.008,39.17,0.0,0.427,18.73,0.008,-0.18,0.09,0.077,15.138,43.857,False,,,,,
1453,demo,pursuit,grassland,Sample A,-1.727,-2.862,0.008,39.17,0.0,0.427,18.73,0.008,-0.18,0.09,0.077,15.138,43.857,False,,,,,
1454,demo,pursuit,grassland,Sample A,-1.727,-2.862,0.008,39.17,0.0,0.427,18.73,0.008,-0.18,0.09,0.077,15.138,43.857,False,,,,,
1455,demo,pursuit,grassland,Sample A,-1.727,-2.862,0.008,39.17,0.0,0.427,18.73,0.008,-0.18,0.09,0.077,15.138,43.857,False,,,,,
1456,demo,pursuit,grassland,Sample A,-1.727,-2.862,0.008,39.17,0.0,0.427,18.73,0.008,-0.18,0.09,0.077,15.138,43.857,False,,,,,
1457,demo,pursuit,grassland,Sample A,-1.727,-2.862,0.008,39.17,0.0,0.427,18.73,0.008,-0.18,0.09,0.077,15.138,43.857,False,,,,,
1458,demo,pursuit,grassland,Sample A,-1.727,-2.862,0.008,39.17,0.0,0.427,18.73,0.008,-0.18,0.09,0.077,15.138,43.857,False,,,,,
1459,demo,pursuit,grassland,Sample A,-1.727,-2.862,0.008,39.17,0.0,0.427,18.73,0.008,-0.18,0.09,0.077,15.138,43.857,False,,,,,
1460,demo,pursuit,grassland,Sample A,-1.727,-2.862,0.008,39.17,0.0,0.427,18.73,0.008,-0.18,0.09,0.077,15.138,43.857,False,,,,,
1461,demo,pursuit,grassland,Sample A,-1.727,-2.862,0.008,39.17,0.0,0.427,18.73,0.008,-0.18,0.09,0.077,15.138,43.857,False,,,,,
1462,demo,pursuit,grassland,Sample A,-1.727,-2.862,0.008,39.17,0.0,0.427,18.73,0.008,-0.18,0.09,0.077,15.138,43.857,False,,,,,
1463,demo,pursuit,grassland,Sample A,-1.727,-2.862,0.008,39.17,0.0,0.427,18.73,0.008,-0.18,0.09,0.077,15.138,43.857,False,,,,,
1464,demo,pursuit,grassland,Sample A,-1.727,-2.862,0.008,39.17,0.0,0.427,18.73,0.008,-0.18,0.09,0.077,15.138,43.857,False,,,,,
1465,demo,pursuit,grassland,Sample A,-1.727,-2.862,0.008,39.17,0.0,0.427,18.73,0.008,-0.18,0.09,0.077,15.138,43.857,False,,,,,
1466,demo,pursuit,grassland,Sample A,-1.727,-2.862,0.008,39.17,0.0,0.427,18.73,0.008,-0.18,0.09,0.077,15.138,43.857,False,,,,,
1467,demo,pursuit,grassland,Sample A,-1.727,-2.862,0.008,39.17,0.0,0.427,18.73,0.008,-0.18,0.09,0.077,15.138,43.857,False,,,,,
1468,demo,pursuit,grassland,Sample A,-1.727,-2.862,0.008,39.17,0.0,0.427,18.73,0.008,-0.18,0.09,0.077,15.138,43.857,False,,,,,
1469,demo,pursuit,grassland,Sample A,-1.727,-2.862,0.008,39.17,0.0,0.427,18.73,0.008,-0.18,0.09,0.077,15.138,43.857,False,,,,,
1470,demo,pursuit,grassland,Sample A,-1.727,-2.862,0.008,39.17,0.0,0.427,18.73,0.008,-0.18,0.09,0.077,15.138,43.857,False,,,,,
1471,demo,pursuit,grassland,Sample A,-1.727,-2.862,0.008,39.17,0.0,0.427,18.73,0.008,-0.18,0.09,0.077,15.138,43.857,False,,,,,
1472,demo,pursuit,grassland,Sample A,-1.727,-2.862,0.008,39.17,0.0,0.427,18.73,0.008,-0.18,0.09,0.077,15.138,43.857,False,,,,,
1473,demo,pursuit,grassland,Sample A,-1.727,-2.862,0.008,39.17,0.0,0.427,18.73,0.008,-0.18,0.09,0.077,15.138,43.857,False,,,,,
1474,demo,pursuit,grassland,Sample A,-1.727,-2.862,0.008,39.17,0.0,0.427,18.73,0.008,-0.18,0.09,0.077,15.138,43.857,False,,,,,
1475,demo,pursuit,grassland,Sample A,-1.727,-2.862,0.008,39.17,0.0,0.427,18.73,0.008,-0.18,0.09,0.077,15.138,43.857,False,,,,,
1476,demo,pursuit,grassland,Sample A,-1.727,-2.862,0.008,39.17,0.0,0.427,18.73,0.008,-0.18,0.09,0.077,15.138,43.857,False,,,,,
1477,demo,pursuit,grassland,Sample A,-1.727,-2.862,0.008,39.17,0.0,0.427,18.73,0.008,-0.18,0.09,0.077,15.138,43.857,False,,,,,
1478,demo,pursuit,grassland,Sample A,-1.727,-2.862,0.008,39.17,0.0,0.427,18.73,0.008,-0.18,0.09,0.077,15.138,43.857,False,,,,,
1479,demo,pursuit,grassland,Sample A,-1.727,-2.862,0.008,39.17,0.0,0.427,18.73,0.008,-0.18,0.09,0.077,15.138,43.857,False,,,,,
1480,demo,pursuit,grassland,Sample A,-1.727,-2.862,0.008,39.17,0.0,0.427,18.73,0.008,-0.18,0.09,0.077,15.138,43.857,False,,,,,
1481,demo,pursuit,grassland,Sample A,-1.727,-2.862,0.008,39.17,0.0,0.427,18.73,0.008,-0.18,0.09,0.077,15.138,43.857,False,,,,,
1482,demo,pursuit,grassland,Sample A,-1.727,-2.862,0.008,39.17,0.0,0.427,18.73,0.008,-0.18,0.09,0.077,15.138,43.857,False,,,,,
1483,demo,pursuit,grassland,Sample A,-1.727,-2.862,0.008,39.17,0.008,0.427,18.73,0.008,-0.18,0.09,0.077,15.195,43.882,False,,,,,
1484,demo,pursuit,grassland,Sample A,-1.727,-2.862,0.008,39.17,0.015,0.427,18.75,0.008,-0.18,0.09,0.077,15.253,43.934,False,,,,,
1485,demo,pursuit,grassland,Sample A,-1.726,-2.861,0.008,39.17,0.023,0.426,18.76,0.008,-0.18,0.09,0.077,15.31,44.009,False,,,,,
1486,demo,pursuit,grassland,Sample A,-1.726,-2.861,0.008,39.17,0.03,0.426,18.78,0.008,-0.18,0.09,0.077,15.368,44.11,False,,,,,
1487,demo,pursuit,grassland,Sample A,-1.725,-2.861,0.008,39.17,0.038,0.425,18.81,0.008,-0.18,0.09,0.077,15.426,44.236,False,,,,,
1488,demo,pursuit,grassland,Sample A,-1.725,-2.86,0.008,39.17,0.045,0.425,18.84,0.008,-0.18,0.09,0.078,15.484,44.387,False,,,,,
1489,demo,pursuit,grassland,Sample A,-1.724,-2.859,0.008,39.17,0.053,0.424,18.89,0.008,-0.18,0.09,0.078,15.546,44.579,False,,,,,
1490,demo,pursuit,grassland,Sample A,-1.723,-2.859,0.008,39.17,0.06,0.423,18.93,0.008,-0.18,0.09,0.078,15.602,44.774,False,,,,,
1491,demo,pursuit,grassland,Sample A,-1.723,-2.858,0.008,39.17,0.068,0.422,18.98,0.008,-0.18,0.09,0.078,15.661,45.004,False,,,,,
1492,demo,pursuit,grassland,Sample A,-1.722,-2.857,0.008,39.17,0.075,0.42,19.03,0.008,-0.18,0.09,0.078,15.721,45.263,False,,,,,
1493,demo,pursuit,grassland,Sample A,-1.72,-2.856,0.008,39.17,0.083,0.419,19.1,0.008,-0.18,0.09,0.078,15.782,45.558,False,,,,,
1494,demo,pursuit,grassland,Sample A,-1.719,-2.856,0.008,39.17,0.091,0.418,19.16,0.008,-0.18,0.09,0.078,15.843,45.881,False,,,,,
1495,demo,pursuit,grassland,Sample A,-1.718,-2.855,0.008,39.17,0.098,0.416,19.24,0.008,-0.18,0.09,0.079,15.902,46.215,False,,,,,
1496,demo,pursuit,grassland,Sample A,-1.717,-2.853,0.008,39.17,0.105,0.415,19.31,0.008,-0.18,0.09,0.079,15.961,46.579,False,,,,,
1497,demo,pursuit,grassland,Sample A,-1.715,-2.852,0.008,39.17,0.113,0.413,19.4,0.008,-0.18,0.09,0.079,16.025,47.008,False,,,,,
1498,demo,pursuit,grassland,Sample A,-1.714,-2.851,0.008,39.17,0.12,0.411,19.49,0.008,-0.18,0.09,0.079,16.086,47.443,False,,,,,
1499,demo,pursuit,grassland,Sample A,-1.712,-2.85,0.008,39.17,0.128,0.409,19.59,0.008,-0.18,0.09,0.079,16.148,47.918,False,,,,,
1500,demo,pursuit,grassland,Sample A,-1.71,-2.848,0.008,39.17,0.135,0.407,19.7,0.008,-0.18,0.09,0.08,16.212,48.443,False,,,,,
1501,demo,pursuit,grassland,Sample A,-1.708,-2.847,0.008,39.17,0.143,0.405,19.81,0.008,-0.18,0.09,0.08,16.272,48.963,False,,,,,
1502,demo,pursuit,grassland,Sample A,-1.706,-2.845,0.008,39.17,0.151,0.402,19.94,0.008,-0.18,0.09,0.08,16.34,49.599,False,,,,,
1503,demo,pursuit,grassland,Sample A,-1.704,-2.843,0.008,39.17,0.158,0.4,20.06,0.008,-0.18,0.09,0.081,16.401,50.191,False,,,,,
1504,demo,pursuit,grassland,Sample A,-1.702,-2.842,0.008,39.17,0.165,0.397,20.2,0.008,-0.18,0.09,0.081,16.467,50.881,False,,,,,
1505,demo,pursuit,grassland,Sample A,-1.7,-2.84,0.008,39.17,0.173,0.394,20.35,0.008,-0.18,0.09,0.081,16.533,51.604,False,,,,,
1506,demo,pursuit,grassland,Sample A,-1.698,-2.838,0.008,39.17,0.18,0.392,20.5,0.008,-0.18,0.09,0.082,16.595,52.333,False,,,,,
1507,demo,pursuit,grassland,Sample A,-1.695,-2.836,0.008,39.17,0.187,0.389,20.66,0.008,-0.18,0.09,0.082,16.659,53.155,False,,,,,
1508,demo,pursuit,grassland,Sample A,-1.693,-2.834,0.008,39.17,0.187,0.386,20.83,0.008,-0.18,0.09,0.082,16.669,54.01,False,,,,,
1509,demo,pursuit,grassland,Sample A,-1.69,-2.832,0.008,39.17,0.187,0.383,20.99,0.008,-0.18,0.09,0.083,16.679,54.836,False,,,,,
1510,demo,pursuit,grassland,Sample A,-1.688,-2.83,0.008,39.17,0.187,0.38,21.16,0.008,-0.18,0.09,0.083,16.689,55.707,False,,,,,
1511,demo,pursuit,grassland,Sample A,-1.686,-2.828,0.008,39.17,0.187,0.377,21.33,0.008,-0.18,0.09,0.084,16.699,56.567,False,,,,,
1512,demo,pursuit,grassland,Sample A,-1.683,-2.826,0.008,39.17,0.187,0.374,21.51,0.008,-0.18,0.09,0.084,16.71,57.497,False,,,,,
1513,demo,pursuit,grassland,Sample A,-1.681,-2.824,0.008,39.17,0.187,0.371,21.68,0.008,-0.18,0.09,0.085,16.72,58.422,False,,,,,
1514,demo,pursuit,grassland,Sample A,-1.678,-2.822,0.008,39.17,0.187,0.368,21.86,0.008,-0.18,0.09,0.085,16.731,59.351,False,,,,,
1515,demo,pursuit,grassland,Sample A,-1.676,-2.82,0.008,39.17,0.187,0.365,22.04,0.008,-0.18,0.09,0.086,16.742,60.313,False,,,,,
